id_coupure,date_publication,date_debut,heure_debut,date_fin,heure_fin,duree_minutes,annee,mois,jour_semaine,periode_journee,region,province,ville,zone,latitude,longitude,type_coupure,cause,statut,source_name,source_type,url_source,niveau_confiance,niveau_impact,temperature_max,precipitation,irradiation_solaire
1,2021-11-03,2021-11-06,10:30,2021-11-06,13:30,180,2021,11,Saturday,matin,Nord,,Ouahigouya,Secteur 10,13.57,-2.41,perturbation,raccordement nouveaux postes,terminée,Donnée expérimentale,simulation,,0.2,moyen,31.6,0,4.53
2,2024-10-16,2024-10-19,09:00,2024-10-19,10:00,60,2024,10,Saturday,matin,Centre,Kadiogo,Ouagadougou,Gounghin,12.357,-1.543,imprévue,travaux entretien réseau,terminée,Wakat Séra,media,https://www.wakatsera.com/?s=SONABEL+coupure,0.8,faible,42.4,0,5.74
3,2021-04-19,2021-04-19,06:00,2021-04-19,07:30,90,2021,4,Monday,matin,Sud-Ouest,,Gaoua,Secteur 3,10.324,-3.19,imprévue,raccordement nouveaux postes,terminée,SONABEL,officielle,https://www.facebook.com/sonabelbf/,1.0,faible,39.2,0,6.03
4,2025-04-08,2025-04-08,07:00,2025-04-08,10:00,180,2025,4,Tuesday,matin,Est,,Fada N'Gourma,Secteur 1,12.061,0.359,prévue,surcharge du réseau,terminée,Faso Actu,media,https://faso-actu.info/,0.75,moyen,36.8,1.2,5.39
5,2023-10-26,2023-10-29,14:00,2023-10-29,19:00,300,2023,10,Sunday,après-midi,Hauts-Bassins,,Bobo-Dioulasso,Bindougousso,11.189,-4.289,prévue,surcharge du réseau,terminée,Donnée expérimentale,simulation,,0.2,élevé,34.4,1.5,6.15
6,2025-07-24,2025-07-24,07:00,2025-07-24,12:00,300,2025,7,Thursday,matin,Centre,Kadiogo,Ouagadougou,Bendogo,12.373,-1.44,prévue,maintenance programmée,terminée,Lefaso.net,media,https://lefaso.net/,0.8,élevé,37.8,1.7,6.42
7,2023-09-22,2023-09-23,09:00,2023-09-23,11:00,120,2023,9,Saturday,matin,Centre-Ouest,,Koudougou,Secteur 5,12.243,-2.365,perturbation,incident technique,terminée,SONABEL,officielle,https://www.facebook.com/sonabelbf/,1.0,moyen,31.2,5.0,6.01
8,2022-09-13,2022-09-16,20:00,2022-09-17,01:00,300,2022,9,Friday,soir,Nord,,Ouahigouya,Secteur 2,13.583,-2.421,imprévue,maintenance programmée,terminée,Wakat Séra,media,https://www.wakatsera.com/?s=SONABEL+coupure,0.8,élevé,31.3,2.3,4.66
9,2024-07-24,2024-07-26,06:00,2024-07-26,07:00,60,2024,7,Friday,matin,Est,,Fada N'Gourma,Secteur 11,12.056,0.366,prévue,maintenance programmée,terminée,Signalement utilisateur,terrain,,0.55,faible,31.4,4.0,6.57
10,2021-09-08,2021-09-11,06:00,2021-09-11,08:00,120,2021,9,Saturday,matin,Sud-Ouest,,Gaoua,Secteur 3,10.324,-3.19,prévue,maintenance programmée,terminée,Donnée expérimentale,simulation,,0.2,moyen,41.6,2.7,5.34
11,2021-09-20,2021-09-22,16:30,2021-09-22,20:30,240,2021,9,Wednesday,après-midi,Centre-Ouest,,Koudougou,Secteur 5,12.243,-2.365,prévue,déficit de production,terminée,SONABEL,officielle,https://www.facebook.com/sonabelbf/,1.0,moyen,29.1,0,4.55
12,2023-08-27,2023-08-28,20:30,2023-08-29,00:30,240,2023,8,Monday,soir,Sud-Ouest,,Gaoua,Centre-ville,10.328,-3.178,prévue,travaux entretien réseau,terminée,Faso Actu,media,https://faso-actu.info/,0.75,moyen,34.6,0,4.93
13,2025-01-02,2025-01-04,07:00,2025-01-04,11:00,240,2025,1,Saturday,matin,Est,,Fada N'Gourma,Secteur 1,12.061,0.359,prévue,maintenance programmée,terminée,SONABEL,officielle,https://www.facebook.com/sonabelbf/,1.0,moyen,37.7,2.7,4.96
14,2026-03-02,2026-03-02,20:00,2026-03-02,21:00,60,2026,3,Monday,soir,Est,,Fada N'Gourma,Secteur 1,12.061,0.359,prévue,raccordement nouveaux postes,terminée,Wakat Séra,media,https://www.wakatsera.com/?s=SONABEL+coupure,0.8,faible,31.5,5.6,6.14
15,2022-10-30,2022-11-01,06:00,2022-11-01,12:00,360,2022,11,Tuesday,matin,Sud-Ouest,,Gaoua,Secteur 3,10.324,-3.19,perturbation,orage ou intempéries,terminée,SONABEL,officielle,https://www.facebook.com/sonabelbf/,1.0,élevé,36.7,1.5,5.88
16,2025-09-11,2025-09-12,18:00,2025-09-12,22:00,240,2025,9,Friday,soir,Centre-Nord,,Kaya,Secteur 6,13.102,-1.095,prévue,orage ou intempéries,terminée,Faso Actu,media,https://faso-actu.info/,0.75,moyen,33.6,1.1,4.96
17,2020-09-21,2020-09-24,07:00,2020-09-24,08:30,90,2020,9,Thursday,matin,Centre-Ouest,,Koudougou,Secteur 5,12.243,-2.365,imprévue,travaux entretien réseau,terminée,Lefaso.net,media,https://lefaso.net/,0.8,faible,38.5,0.6,5.68
18,2024-06-30,2024-07-02,06:00,2024-07-02,12:00,360,2024,7,Tuesday,matin,Centre,Kadiogo,Ouagadougou,Gounghin,12.357,-1.543,perturbation,orage ou intempéries,terminée,SONABEL,officielle,https://www.facebook.com/sonabelbf/,1.0,élevé,34.7,0,5.48
19,2022-08-26,2022-08-26,12:30,2022-08-26,15:30,180,2022,8,Friday,après-midi,Nord,,Ouahigouya,Secteur 10,13.57,-2.41,prévue,maintenance programmée,terminée,Lefaso.net,media,https://lefaso.net/,0.8,moyen,35.9,0.2,6.29
20,2022-12-09,2022-12-09,16:30,2022-12-09,20:30,240,2022,12,Friday,après-midi,Hauts-Bassins,,Bobo-Dioulasso,Accart-Ville,11.172,-4.297,prévue,maintenance programmée,terminée,Lefaso.net,media,https://lefaso.net/,0.8,moyen,33.4,0,5.4
21,2021-08-15,2021-08-18,08:00,2021-08-18,12:00,240,2021,8,Wednesday,matin,Centre,Kadiogo,Ouagadougou,Karpala,12.317,-1.493,perturbation,surcharge du réseau,terminée,Lefaso.net,media,https://lefaso.net/,0.8,moyen,42.8,3.3,5.5
22,2023-10-03,2023-10-05,10:00,2023-10-05,11:00,60,2023,10,Thursday,matin,Centre-Ouest,,Koudougou,Secteur 1,12.252,-2.363,travaux,maintenance programmée,terminée,SONABEL,officielle,https://www.facebook.com/sonabelbf/,1.0,faible,41.6,0.1,5.67
23,2022-08-31,2022-09-03,14:00,2022-09-03,20:00,360,2022,9,Saturday,après-midi,Centre-Nord,,Kaya,Secteur 6,13.102,-1.095,imprévue,déficit de production,terminée,Wakat Séra,media,https://www.wakatsera.com/?s=SONABEL+coupure,0.8,élevé,32.9,2.9,5.13
24,2022-02-10,2022-02-10,12:00,2022-02-10,13:00,60,2022,2,Thursday,après-midi,Hauts-Bassins,,Bobo-Dioulasso,Sarfala,11.177,-4.31,prévue,surcharge du réseau,terminée,SONABEL,officielle,https://www.facebook.com/sonabelbf/,1.0,faible,38.8,2.8,5.05
25,2020-02-01,2020-02-01,07:00,2020-02-01,10:00,180,2020,2,Saturday,matin,Centre-Nord,,Kaya,Secteur 4,13.091,-1.083,prévue,maintenance programmée,terminée,Wakat Séra,media,https://www.wakatsera.com/?s=SONABEL+coupure,0.8,moyen,37.0,2.9,6.43
26,2023-06-15,2023-06-18,14:00,2023-06-18,17:00,180,2023,6,Sunday,après-midi,Hauts-Bassins,,Bobo-Dioulasso,Accart-Ville,11.172,-4.297,perturbation,travaux entretien réseau,terminée,Lefaso.net,media,https://lefaso.net/,0.8,moyen,38.2,0,4.67
27,2024-11-16,2024-11-19,08:00,2024-11-19,16:00,480,2024,11,Tuesday,matin,Est,,Fada N'Gourma,Secteur 1,12.061,0.359,imprévue,orage ou intempéries,terminée,Signalement utilisateur,terrain,,0.55,élevé,38.5,1.2,5.16
28,2020-02-06,2020-02-07,07:00,2020-02-07,08:30,90,2020,2,Friday,matin,Est,,Fada N'Gourma,Secteur 1,12.061,0.359,prévue,incident technique,terminée,Faso Actu,media,https://faso-actu.info/,0.75,faible,29.8,1.6,4.59
29,2025-07-18,2025-07-20,08:00,2025-07-20,09:30,90,2025,7,Sunday,matin,Centre-Ouest,,Koudougou,Secteur 5,12.243,-2.365,imprévue,surcharge du réseau,terminée,SONABEL,officielle,https://www.facebook.com/sonabelbf/,1.0,faible,31.8,4.1,5.47
30,2023-08-21,2023-08-22,09:00,2023-08-22,14:00,300,2023,8,Tuesday,matin,Est,,Fada N'Gourma,Secteur 1,12.061,0.359,prévue,incident technique,terminée,Lefaso.net,media,https://lefaso.net/,0.8,élevé,35.9,8.5,4.87
31,2024-12-13,2024-12-13,10:00,2024-12-13,13:00,180,2024,12,Friday,matin,Est,,Fada N'Gourma,Secteur 1,12.061,0.359,travaux,surcharge du réseau,terminée,Faso Actu,media,https://faso-actu.info/,0.75,moyen,31.9,0,5.34
32,2023-12-11,2023-12-12,10:00,2023-12-12,16:00,360,2023,12,Tuesday,matin,Hauts-Bassins,,Bobo-Dioulasso,Bindougousso,11.189,-4.289,prévue,raccordement nouveaux postes,terminée,Lefaso.net,media,https://lefaso.net/,0.8,élevé,36.0,1.2,5.45
33,2022-07-15,2022-07-16,16:00,2022-07-16,17:30,90,2022,7,Saturday,après-midi,Centre-Nord,,Kaya,Secteur 6,13.102,-1.095,prévue,déficit de production,terminée,SONABEL,officielle,https://www.facebook.com/sonabelbf/,1.0,faible,40.4,0.5,4.56
34,2024-09-26,2024-09-28,09:00,2024-09-28,12:00,180,2024,9,Saturday,matin,Centre-Nord,,Kaya,Secteur 4,13.091,-1.083,perturbation,raccordement nouveaux postes,terminée,Donnée expérimentale,simulation,,0.2,moyen,33.1,2.7,4.87
35,2024-09-30,2024-10-03,16:00,2024-10-03,19:00,180,2024,10,Thursday,après-midi,Centre-Nord,,Kaya,Secteur 6,13.102,-1.095,perturbation,maintenance programmée,terminée,SONABEL,officielle,https://www.facebook.com/sonabelbf/,1.0,moyen,35.9,0,5.56
36,2020-05-24,2020-05-25,20:30,2020-05-26,00:30,240,2020,5,Monday,soir,Est,,Fada N'Gourma,Secteur 11,12.056,0.366,travaux,surcharge du réseau,terminée,Faso Actu,media,https://faso-actu.info/,0.75,moyen,31.0,5.2,4.58
37,2023-04-26,2023-04-29,09:30,2023-04-29,12:30,180,2023,4,Saturday,matin,Centre-Nord,,Kaya,Secteur 6,13.102,-1.095,imprévue,travaux entretien réseau,terminée,Signalement utilisateur,terrain,,0.55,moyen,34.2,1.8,5.56
38,2024-05-12,2024-05-14,20:00,2024-05-15,00:00,240,2024,5,Tuesday,soir,Centre-Nord,,Kaya,Secteur 6,13.102,-1.095,imprévue,déficit de production,terminée,Signalement utilisateur,terrain,,0.55,moyen,39.9,0,6.32
39,2022-03-24,2022-03-25,07:00,2022-03-25,10:00,180,2022,3,Friday,matin,Centre-Nord,,Kaya,Secteur 6,13.102,-1.095,perturbation,incident technique,terminée,Lefaso.net,media,https://lefaso.net/,0.8,moyen,30.5,0,5.68
40,2021-06-30,2021-07-02,09:00,2021-07-02,14:00,300,2021,7,Friday,matin,Nord,,Ouahigouya,Secteur 10,13.57,-2.41,prévue,orage ou intempéries,terminée,Donnée expérimentale,simulation,,0.2,élevé,31.0,0,4.63
41,2024-08-18,2024-08-21,20:00,2024-08-21,23:00,180,2024,8,Wednesday,soir,Centre,Kadiogo,Ouagadougou,Tanghin,12.389,-1.515,imprévue,raccordement nouveaux postes,terminée,Lefaso.net,media,https://lefaso.net/,0.8,moyen,42.5,0,5.96
42,2024-02-06,2024-02-07,14:30,2024-02-07,22:30,480,2024,2,Wednesday,après-midi,Hauts-Bassins,,Bobo-Dioulasso,Accart-Ville,11.172,-4.297,prévue,maintenance programmée,terminée,Faso Actu,media,https://faso-actu.info/,0.75,élevé,29.3,3.2,5.98
43,2025-02-05,2025-02-06,20:00,2025-02-07,01:00,300,2025,2,Thursday,soir,Est,,Fada N'Gourma,Secteur 1,12.061,0.359,prévue,incident technique,terminée,Wakat Séra,media,https://www.wakatsera.com/?s=SONABEL+coupure,0.8,élevé,33.6,0,4.61
44,2022-02-03,2022-02-03,06:00,2022-02-03,08:00,120,2022,2,Thursday,matin,Hauts-Bassins,,Bobo-Dioulasso,Sarfala,11.177,-4.31,prévue,déficit de production,terminée,SONABEL,officielle,https://www.facebook.com/sonabelbf/,1.0,moyen,30.6,2.0,5.43
45,2021-05-21,2021-05-22,09:00,2021-05-22,10:30,90,2021,5,Saturday,matin,Hauts-Bassins,,Bobo-Dioulasso,Bindougousso,11.189,-4.289,imprévue,travaux entretien réseau,terminée,Signalement utilisateur,terrain,,0.55,faible,32.4,0,6.64
46,2020-02-04,2020-02-07,12:00,2020-02-07,18:00,360,2020,2,Friday,après-midi,Nord,,Ouahigouya,Secteur 10,13.57,-2.41,prévue,surcharge du réseau,terminée,SONABEL,officielle,https://www.facebook.com/sonabelbf/,1.0,élevé,39.8,2.4,5.83
47,2022-01-15,2022-01-16,07:00,2022-01-16,15:00,480,2022,1,Sunday,matin,Centre,Kadiogo,Ouagadougou,Dassasgho,12.384,-1.469,prévue,incident technique,terminée,Faso Actu,media,https://faso-actu.info/,0.75,élevé,38.3,0,6.34
48,2020-08-05,2020-08-06,20:00,2020-08-07,04:00,480,2020,8,Thursday,soir,Centre,Kadiogo,Ouagadougou,Rayongo,12.318,-1.451,perturbation,maintenance programmée,terminée,SONABEL,officielle,https://www.facebook.com/sonabelbf/,1.0,élevé,33.4,0,5.4
49,2023-01-06,2023-01-09,09:00,2023-01-09,14:00,300,2023,1,Monday,matin,Sud-Ouest,,Gaoua,Secteur 3,10.324,-3.19,imprévue,travaux entretien réseau,terminée,Signalement utilisateur,terrain,,0.55,élevé,37.8,0,5.34
50,2022-03-23,2022-03-23,10:00,2022-03-23,16:00,360,2022,3,Wednesday,matin,Centre,Kadiogo,Ouagadougou,Bendogo,12.373,-1.44,prévue,maintenance programmée,terminée,SONABEL,officielle,https://www.facebook.com/sonabelbf/,1.0,élevé,31.3,0.8,5.0
51,2021-11-06,2021-11-08,06:00,2021-11-08,14:00,480,2021,11,Monday,matin,Est,,Fada N'Gourma,Secteur 11,12.056,0.366,imprévue,surcharge du réseau,terminée,SONABEL,officielle,https://www.facebook.com/sonabelbf/,1.0,élevé,31.7,0,4.92
52,2024-02-19,2024-02-19,12:00,2024-02-19,14:00,120,2024,2,Monday,après-midi,Nord,,Ouahigouya,Secteur 2,13.583,-2.421,perturbation,maintenance programmée,terminée,SONABEL,officielle,https://www.facebook.com/sonabelbf/,1.0,moyen,39.1,0,5.2
53,2026-04-11,2026-04-12,14:00,2026-04-12,18:00,240,2026,4,Sunday,après-midi,Nord,,Ouahigouya,Secteur 2,13.583,-2.421,perturbation,raccordement nouveaux postes,terminée,Donnée expérimentale,simulation,,0.2,moyen,39.7,0.4,4.56
54,2022-05-08,2022-05-11,09:30,2022-05-11,12:30,180,2022,5,Wednesday,matin,Est,,Fada N'Gourma,Secteur 11,12.056,0.366,prévue,incident technique,terminée,Donnée expérimentale,simulation,,0.2,moyen,39.8,3.0,5.69
55,2020-07-14,2020-07-17,06:00,2020-07-17,08:00,120,2020,7,Friday,matin,Hauts-Bassins,,Bobo-Dioulasso,Bindougousso,11.189,-4.289,prévue,déficit de production,terminée,Wakat Séra,media,https://www.wakatsera.com/?s=SONABEL+coupure,0.8,moyen,33.6,3.3,6.0
56,2023-04-05,2023-04-08,18:00,2023-04-08,22:00,240,2023,4,Saturday,soir,Nord,,Ouahigouya,Secteur 10,13.57,-2.41,perturbation,incident technique,terminée,Wakat Séra,media,https://www.wakatsera.com/?s=SONABEL+coupure,0.8,moyen,35.5,3.8,6.59
57,2022-12-21,2022-12-22,08:00,2022-12-22,13:00,300,2022,12,Thursday,matin,Est,,Fada N'Gourma,Secteur 11,12.056,0.366,perturbation,incident technique,terminée,SONABEL,officielle,https://www.facebook.com/sonabelbf/,1.0,élevé,40.1,4.4,4.6
58,2023-11-16,2023-11-17,18:00,2023-11-17,19:00,60,2023,11,Friday,soir,Sud-Ouest,,Gaoua,Centre-ville,10.328,-3.178,prévue,déficit de production,terminée,Signalement utilisateur,terrain,,0.55,faible,36.8,6.9,6.45
59,2023-08-11,2023-08-13,20:00,2023-08-13,21:30,90,2023,8,Sunday,soir,Centre-Nord,,Kaya,Secteur 4,13.091,-1.083,prévue,incident technique,terminée,SONABEL,officielle,https://www.facebook.com/sonabelbf/,1.0,faible,32.0,0,6.47
60,2020-06-16,2020-06-17,12:00,2020-06-17,16:00,240,2020,6,Wednesday,après-midi,Hauts-Bassins,,Bobo-Dioulasso,Accart-Ville,11.172,-4.297,travaux,travaux entretien réseau,terminée,Signalement utilisateur,terrain,,0.55,moyen,37.7,4.7,6.57
61,2025-03-12,2025-03-15,08:30,2025-03-15,09:30,60,2025,3,Saturday,matin,Nord,,Ouahigouya,Secteur 2,13.583,-2.421,prévue,déficit de production,terminée,Signalement utilisateur,terrain,,0.55,faible,36.8,6.0,6.38
62,2021-05-08,2021-05-08,06:00,2021-05-08,08:00,120,2021,5,Saturday,matin,Centre-Nord,,Kaya,Secteur 4,13.091,-1.083,imprévue,travaux entretien réseau,terminée,Faso Actu,media,https://faso-actu.info/,0.75,moyen,41.2,0,6.77
63,2024-12-07,2024-12-10,14:00,2024-12-10,20:00,360,2024,12,Tuesday,après-midi,Centre,Kadiogo,Ouagadougou,Karpala,12.317,-1.493,perturbation,maintenance programmée,terminée,Signalement utilisateur,terrain,,0.55,élevé,36.9,0,5.19
64,2021-08-05,2021-08-05,12:00,2021-08-05,17:00,300,2021,8,Thursday,après-midi,Hauts-Bassins,,Bobo-Dioulasso,Accart-Ville,11.172,-4.297,prévue,raccordement nouveaux postes,terminée,Wakat Séra,media,https://www.wakatsera.com/?s=SONABEL+coupure,0.8,élevé,29.7,0,4.68
65,2022-04-07,2022-04-08,12:30,2022-04-08,16:30,240,2022,4,Friday,après-midi,Hauts-Bassins,,Bobo-Dioulasso,Accart-Ville,11.172,-4.297,imprévue,surcharge du réseau,terminée,Wakat Séra,media,https://www.wakatsera.com/?s=SONABEL+coupure,0.8,moyen,32.9,1.5,5.23
66,2025-06-01,2025-06-02,09:00,2025-06-02,12:00,180,2025,6,Monday,matin,Centre-Nord,,Kaya,Secteur 6,13.102,-1.095,prévue,déficit de production,terminée,Faso Actu,media,https://faso-actu.info/,0.75,moyen,31.6,5.2,6.41
67,2025-05-24,2025-05-24,09:00,2025-05-24,10:30,90,2025,5,Saturday,matin,Nord,,Ouahigouya,Secteur 10,13.57,-2.41,perturbation,raccordement nouveaux postes,terminée,Signalement utilisateur,terrain,,0.55,faible,42.6,2.6,6.1
68,2025-09-20,2025-09-21,14:30,2025-09-21,20:30,360,2025,9,Sunday,après-midi,Est,,Fada N'Gourma,Secteur 1,12.061,0.359,prévue,travaux entretien réseau,terminée,SONABEL,officielle,https://www.facebook.com/sonabelbf/,1.0,élevé,39.0,5.1,6.73
69,2024-09-06,2024-09-07,10:30,2024-09-07,18:30,480,2024,9,Saturday,matin,Hauts-Bassins,,Bobo-Dioulasso,Bindougousso,11.189,-4.289,prévue,incident technique,terminée,SONABEL,officielle,https://www.facebook.com/sonabelbf/,1.0,élevé,32.5,5.1,5.68
70,2022-12-15,2022-12-16,09:00,2022-12-16,10:30,90,2022,12,Friday,matin,Sud-Ouest,,Gaoua,Centre-ville,10.328,-3.178,prévue,raccordement nouveaux postes,terminée,SONABEL,officielle,https://www.facebook.com/sonabelbf/,1.0,faible,31.4,0,5.87
71,2020-12-08,2020-12-11,16:00,2020-12-11,18:00,120,2020,12,Friday,après-midi,Centre,Kadiogo,Ouagadougou,Tanghin,12.389,-1.515,perturbation,surcharge du réseau,terminée,Donnée expérimentale,simulation,,0.2,moyen,40.0,1.9,6.65
72,2024-04-04,2024-04-05,08:30,2024-04-05,14:30,360,2024,4,Friday,matin,Sud-Ouest,,Gaoua,Secteur 3,10.324,-3.19,imprévue,orage ou intempéries,terminée,Wakat Séra,media,https://www.wakatsera.com/?s=SONABEL+coupure,0.8,élevé,31.5,0.0,4.76
73,2023-10-08,2023-10-11,14:00,2023-10-11,20:00,360,2023,10,Wednesday,après-midi,Centre,Kadiogo,Ouagadougou,Tanghin,12.389,-1.515,prévue,orage ou intempéries,terminée,Signalement utilisateur,terrain,,0.55,élevé,39.2,0,6.74
74,2025-11-17,2025-11-17,08:00,2025-11-17,16:00,480,2025,11,Monday,matin,Centre-Nord,,Kaya,Secteur 6,13.102,-1.095,imprévue,surcharge du réseau,terminée,SONABEL,officielle,https://www.facebook.com/sonabelbf/,1.0,élevé,38.2,3.1,6.38
75,2023-03-02,2023-03-04,14:00,2023-03-04,15:00,60,2023,3,Saturday,après-midi,Centre-Nord,,Kaya,Secteur 4,13.091,-1.083,prévue,incident technique,terminée,Signalement utilisateur,terrain,,0.55,faible,32.8,1.1,6.3
76,2024-11-13,2024-11-15,09:00,2024-11-15,14:00,300,2024,11,Friday,matin,Nord,,Ouahigouya,Secteur 10,13.57,-2.41,perturbation,incident technique,terminée,Signalement utilisateur,terrain,,0.55,élevé,38.6,0,4.56
77,2021-01-01,2021-01-04,07:30,2021-01-04,15:30,480,2021,1,Monday,matin,Centre-Ouest,,Koudougou,Secteur 1,12.252,-2.363,prévue,maintenance programmée,terminée,SONABEL,officielle,https://www.facebook.com/sonabelbf/,1.0,élevé,36.4,5.4,4.91
78,2020-11-11,2020-11-12,14:30,2020-11-12,22:30,480,2020,11,Thursday,après-midi,Hauts-Bassins,,Bobo-Dioulasso,Accart-Ville,11.172,-4.297,prévue,raccordement nouveaux postes,terminée,SONABEL,officielle,https://www.facebook.com/sonabelbf/,1.0,élevé,34.6,2.9,6.73
79,2025-07-13,2025-07-13,09:00,2025-07-13,13:00,240,2025,7,Sunday,matin,Hauts-Bassins,,Bobo-Dioulasso,Accart-Ville,11.172,-4.297,prévue,déficit de production,terminée,Signalement utilisateur,terrain,,0.55,moyen,31.8,0,6.1
80,2022-03-18,2022-03-20,14:00,2022-03-20,15:30,90,2022,3,Sunday,après-midi,Centre-Nord,,Kaya,Secteur 4,13.091,-1.083,perturbation,orage ou intempéries,terminée,Signalement utilisateur,terrain,,0.55,faible,41.9,2.8,6.08
81,2022-09-25,2022-09-28,14:00,2022-09-28,15:00,60,2022,9,Wednesday,après-midi,Nord,,Ouahigouya,Secteur 10,13.57,-2.41,perturbation,incident technique,terminée,Wakat Séra,media,https://www.wakatsera.com/?s=SONABEL+coupure,0.8,faible,29.4,0,6.73
82,2026-03-07,2026-03-09,12:30,2026-03-09,14:00,90,2026,3,Monday,après-midi,Centre-Nord,,Kaya,Secteur 6,13.102,-1.095,perturbation,déficit de production,terminée,Lefaso.net,media,https://lefaso.net/,0.8,faible,29.7,0,6.21
83,2023-06-08,2023-06-10,06:00,2023-06-10,08:00,120,2023,6,Saturday,matin,Hauts-Bassins,,Bobo-Dioulasso,Bindougousso,11.189,-4.289,imprévue,maintenance programmée,terminée,Lefaso.net,media,https://lefaso.net/,0.8,moyen,34.4,0,6.75
84,2022-11-25,2022-11-27,18:00,2022-11-28,00:00,360,2022,11,Sunday,soir,Nord,,Ouahigouya,Secteur 2,13.583,-2.421,prévue,déficit de production,terminée,Wakat Séra,media,https://www.wakatsera.com/?s=SONABEL+coupure,0.8,élevé,39.3,0,5.28
85,2025-12-20,2025-12-23,09:00,2025-12-23,11:00,120,2025,12,Tuesday,matin,Sud-Ouest,,Gaoua,Secteur 3,10.324,-3.19,travaux,maintenance programmée,terminée,Signalement utilisateur,terrain,,0.55,moyen,29.0,8.5,6.66
86,2020-10-19,2020-10-20,10:00,2020-10-20,12:00,120,2020,10,Tuesday,matin,Hauts-Bassins,,Bobo-Dioulasso,Sarfala,11.177,-4.31,imprévue,déficit de production,terminée,Lefaso.net,media,https://lefaso.net/,0.8,moyen,37.9,1.0,4.96
87,2024-02-06,2024-02-08,12:00,2024-02-08,14:00,120,2024,2,Thursday,après-midi,Est,,Fada N'Gourma,Secteur 11,12.056,0.366,prévue,déficit de production,terminée,SONABEL,officielle,https://www.facebook.com/sonabelbf/,1.0,moyen,42.4,0,4.98
88,2022-01-19,2022-01-21,18:00,2022-01-21,22:00,240,2022,1,Friday,soir,Est,,Fada N'Gourma,Secteur 11,12.056,0.366,imprévue,raccordement nouveaux postes,terminée,SONABEL,officielle,https://www.facebook.com/sonabelbf/,1.0,moyen,40.7,3.0,5.01
89,2023-07-09,2023-07-12,18:00,2023-07-12,19:00,60,2023,7,Wednesday,soir,Centre-Ouest,,Koudougou,Secteur 1,12.252,-2.363,prévue,déficit de production,terminée,Lefaso.net,media,https://lefaso.net/,0.8,faible,34.9,2.5,6.72
90,2024-11-19,2024-11-22,08:00,2024-11-22,13:00,300,2024,11,Friday,matin,Nord,,Ouahigouya,Secteur 2,13.583,-2.421,prévue,surcharge du réseau,terminée,Wakat Séra,media,https://www.wakatsera.com/?s=SONABEL+coupure,0.8,élevé,42.1,0,5.15
91,2020-03-12,2020-03-14,10:30,2020-03-14,12:30,120,2020,3,Saturday,matin,Centre-Ouest,,Koudougou,Secteur 1,12.252,-2.363,imprévue,déficit de production,terminée,SONABEL,officielle,https://www.facebook.com/sonabelbf/,1.0,moyen,33.8,2.3,5.5
92,2025-06-03,2025-06-06,18:00,2025-06-06,21:00,180,2025,6,Friday,soir,Hauts-Bassins,,Bobo-Dioulasso,Bindougousso,11.189,-4.289,perturbation,travaux entretien réseau,terminée,Faso Actu,media,https://faso-actu.info/,0.75,moyen,34.3,5.7,4.68
93,2021-09-05,2021-09-07,20:00,2021-09-08,04:00,480,2021,9,Tuesday,soir,Est,,Fada N'Gourma,Secteur 11,12.056,0.366,prévue,surcharge du réseau,terminée,Wakat Séra,media,https://www.wakatsera.com/?s=SONABEL+coupure,0.8,élevé,33.3,0,4.63
94,2023-08-19,2023-08-19,18:00,2023-08-19,19:00,60,2023,8,Saturday,soir,Centre-Ouest,,Koudougou,Secteur 5,12.243,-2.365,prévue,surcharge du réseau,terminée,SONABEL,officielle,https://www.facebook.com/sonabelbf/,1.0,faible,30.6,0.1,6.26
95,2021-11-17,2021-11-20,06:00,2021-11-20,09:00,180,2021,11,Saturday,matin,Sud-Ouest,,Gaoua,Centre-ville,10.328,-3.178,prévue,raccordement nouveaux postes,terminée,Faso Actu,media,https://faso-actu.info/,0.75,moyen,38.5,1.3,5.52
96,2026-05-15,2026-05-18,16:30,2026-05-18,17:30,60,2026,5,Monday,après-midi,Centre,Kadiogo,Ouagadougou,Dassasgho,12.384,-1.469,travaux,maintenance programmée,terminée,SONABEL,officielle,https://www.facebook.com/sonabelbf/,1.0,faible,30.9,3.2,6.0
97,2020-01-09,2020-01-09,12:00,2020-01-09,15:00,180,2020,1,Thursday,après-midi,Centre,Kadiogo,Ouagadougou,Karpala,12.317,-1.493,prévue,surcharge du réseau,terminée,SONABEL,officielle,https://www.facebook.com/sonabelbf/,1.0,moyen,34.0,0,5.1
98,2026-04-08,2026-04-08,14:00,2026-04-08,15:00,60,2026,4,Wednesday,après-midi,Centre-Nord,,Kaya,Secteur 6,13.102,-1.095,prévue,surcharge du réseau,terminée,Wakat Séra,media,https://www.wakatsera.com/?s=SONABEL+coupure,0.8,faible,37.9,3.1,5.56
99,2020-11-11,2020-11-14,14:00,2020-11-14,15:00,60,2020,11,Saturday,après-midi,Centre-Ouest,,Koudougou,Secteur 5,12.243,-2.365,prévue,surcharge du réseau,terminée,SONABEL,officielle,https://www.facebook.com/sonabelbf/,1.0,faible,41.3,1.9,6.45
100,2021-09-14,2021-09-17,06:00,2021-09-17,10:00,240,2021,9,Friday,matin,Centre-Ouest,,Koudougou,Secteur 5,12.243,-2.365,prévue,maintenance programmée,terminée,Wakat Séra,media,https://www.wakatsera.com/?s=SONABEL+coupure,0.8,moyen,33.9,0,4.96
101,2022-01-24,2022-01-25,20:30,2022-01-25,22:00,90,2022,1,Tuesday,soir,Hauts-Bassins,,Bobo-Dioulasso,Accart-Ville,11.172,-4.297,prévue,orage ou intempéries,terminée,SONABEL,officielle,https://www.facebook.com/sonabelbf/,1.0,faible,34.1,0,5.36
102,2023-02-03,2023-02-06,09:00,2023-02-06,12:00,180,2023,2,Monday,matin,Est,,Fada N'Gourma,Secteur 1,12.061,0.359,travaux,maintenance programmée,terminée,Lefaso.net,media,https://lefaso.net/,0.8,moyen,35.8,1.2,4.64
103,2023-06-10,2023-06-12,08:30,2023-06-12,14:30,360,2023,6,Monday,matin,Hauts-Bassins,,Bobo-Dioulasso,Accart-Ville,11.172,-4.297,perturbation,incident technique,terminée,SONABEL,officielle,https://www.facebook.com/sonabelbf/,1.0,élevé,31.7,0,6.0
104,2022-08-11,2022-08-13,16:00,2022-08-14,00:00,480,2022,8,Saturday,après-midi,Centre,Kadiogo,Ouagadougou,Bendogo,12.373,-1.44,imprévue,incident technique,terminée,SONABEL,officielle,https://www.facebook.com/sonabelbf/,1.0,élevé,31.9,0,6.05
105,2021-02-11,2021-02-11,06:00,2021-02-11,07:00,60,2021,2,Thursday,matin,Centre,Kadiogo,Ouagadougou,Gounghin,12.357,-1.543,imprévue,incident technique,terminée,Donnée expérimentale,simulation,,0.2,faible,36.4,0,4.79
106,2022-05-30,2022-05-31,06:00,2022-05-31,14:00,480,2022,5,Tuesday,matin,Centre-Ouest,,Koudougou,Secteur 5,12.243,-2.365,prévue,orage ou intempéries,terminée,Donnée expérimentale,simulation,,0.2,élevé,41.9,0,5.69
107,2025-04-01,2025-04-02,16:00,2025-04-02,20:00,240,2025,4,Wednesday,après-midi,Est,,Fada N'Gourma,Secteur 1,12.061,0.359,perturbation,maintenance programmée,terminée,SONABEL,officielle,https://www.facebook.com/sonabelbf/,1.0,moyen,31.1,0,4.92
108,2024-05-12,2024-05-12,06:00,2024-05-12,09:00,180,2024,5,Sunday,matin,Est,,Fada N'Gourma,Secteur 11,12.056,0.366,prévue,incident technique,terminée,Wakat Séra,media,https://www.wakatsera.com/?s=SONABEL+coupure,0.8,moyen,31.3,6.6,5.55
109,2025-08-12,2025-08-12,08:00,2025-08-12,13:00,300,2025,8,Tuesday,matin,Centre-Nord,,Kaya,Secteur 6,13.102,-1.095,prévue,travaux entretien réseau,terminée,SONABEL,officielle,https://www.facebook.com/sonabelbf/,1.0,élevé,36.4,1.9,6.33
110,2022-01-25,2022-01-27,10:00,2022-01-27,12:00,120,2022,1,Thursday,matin,Centre-Ouest,,Koudougou,Secteur 5,12.243,-2.365,prévue,surcharge du réseau,terminée,Faso Actu,media,https://faso-actu.info/,0.75,moyen,39.1,0.0,4.5
111,2020-04-20,2020-04-22,16:00,2020-04-22,17:30,90,2020,4,Wednesday,après-midi,Centre-Nord,,Kaya,Secteur 6,13.102,-1.095,prévue,incident technique,terminée,Lefaso.net,media,https://lefaso.net/,0.8,faible,33.5,3.0,6.12
112,2024-07-04,2024-07-04,07:00,2024-07-04,08:00,60,2024,7,Thursday,matin,Hauts-Bassins,,Bobo-Dioulasso,Sarfala,11.177,-4.31,prévue,déficit de production,terminée,SONABEL,officielle,https://www.facebook.com/sonabelbf/,1.0,faible,39.0,0,6.01
113,2023-06-02,2023-06-02,14:30,2023-06-02,16:30,120,2023,6,Friday,après-midi,Nord,,Ouahigouya,Secteur 10,13.57,-2.41,imprévue,raccordement nouveaux postes,terminée,SONABEL,officielle,https://www.facebook.com/sonabelbf/,1.0,moyen,42.1,3.8,5.65
114,2022-09-23,2022-09-26,07:00,2022-09-26,08:30,90,2022,9,Monday,matin,Hauts-Bassins,,Bobo-Dioulasso,Bindougousso,11.189,-4.289,prévue,orage ou intempéries,terminée,Wakat Séra,media,https://www.wakatsera.com/?s=SONABEL+coupure,0.8,faible,32.4,0,5.68
115,2024-09-27,2024-09-28,08:00,2024-09-28,16:00,480,2024,9,Saturday,matin,Est,,Fada N'Gourma,Secteur 1,12.061,0.359,prévue,maintenance programmée,terminée,Wakat Séra,media,https://www.wakatsera.com/?s=SONABEL+coupure,0.8,élevé,42.8,7.9,6.72
116,2025-01-09,2025-01-09,20:30,2025-01-09,21:30,60,2025,1,Thursday,soir,Centre,Kadiogo,Ouagadougou,Tanghin,12.389,-1.515,prévue,maintenance programmée,terminée,Donnée expérimentale,simulation,,0.2,faible,39.9,5.0,4.77
117,2021-08-27,2021-08-30,18:00,2021-08-30,22:00,240,2021,8,Monday,soir,Centre,Kadiogo,Ouagadougou,Dassasgho,12.384,-1.469,prévue,travaux entretien réseau,terminée,Lefaso.net,media,https://lefaso.net/,0.8,moyen,29.1,2.3,6.57
118,2025-04-23,2025-04-26,20:00,2025-04-27,01:00,300,2025,4,Saturday,soir,Nord,,Ouahigouya,Secteur 2,13.583,-2.421,prévue,orage ou intempéries,terminée,SONABEL,officielle,https://www.facebook.com/sonabelbf/,1.0,élevé,36.9,0,5.63
119,2020-06-15,2020-06-17,09:00,2020-06-17,10:30,90,2020,6,Wednesday,matin,Est,,Fada N'Gourma,Secteur 1,12.061,0.359,prévue,incident technique,terminée,Signalement utilisateur,terrain,,0.55,faible,36.3,0.3,5.79
120,2024-05-12,2024-05-12,10:30,2024-05-12,18:30,480,2024,5,Sunday,matin,Est,,Fada N'Gourma,Secteur 1,12.061,0.359,prévue,maintenance programmée,terminée,Wakat Séra,media,https://www.wakatsera.com/?s=SONABEL+coupure,0.8,élevé,40.5,1.1,4.55
121,2024-05-14,2024-05-17,16:00,2024-05-17,22:00,360,2024,5,Friday,après-midi,Hauts-Bassins,,Bobo-Dioulasso,Sarfala,11.177,-4.31,prévue,travaux entretien réseau,terminée,Signalement utilisateur,terrain,,0.55,élevé,40.0,1.4,6.5
122,2024-06-16,2024-06-16,12:00,2024-06-16,13:30,90,2024,6,Sunday,après-midi,Est,,Fada N'Gourma,Secteur 1,12.061,0.359,perturbation,travaux entretien réseau,terminée,SONABEL,officielle,https://www.facebook.com/sonabelbf/,1.0,faible,29.3,4.1,5.55
123,2023-12-22,2023-12-25,10:00,2023-12-25,15:00,300,2023,12,Monday,matin,Centre,Kadiogo,Ouagadougou,Tanghin,12.389,-1.515,imprévue,maintenance programmée,terminée,SONABEL,officielle,https://www.facebook.com/sonabelbf/,1.0,élevé,36.8,0,5.36
124,2021-07-19,2021-07-19,16:00,2021-07-19,18:00,120,2021,7,Monday,après-midi,Nord,,Ouahigouya,Secteur 2,13.583,-2.421,prévue,déficit de production,terminée,Lefaso.net,media,https://lefaso.net/,0.8,moyen,29.8,3.3,6.66
125,2021-02-23,2021-02-24,08:00,2021-02-24,14:00,360,2021,2,Wednesday,matin,Sud-Ouest,,Gaoua,Secteur 3,10.324,-3.19,prévue,orage ou intempéries,terminée,Lefaso.net,media,https://lefaso.net/,0.8,élevé,42.9,3.4,4.55
126,2020-08-25,2020-08-26,06:00,2020-08-26,12:00,360,2020,8,Wednesday,matin,Centre,Kadiogo,Ouagadougou,Karpala,12.317,-1.493,prévue,orage ou intempéries,terminée,SONABEL,officielle,https://www.facebook.com/sonabelbf/,1.0,élevé,37.6,0,4.53
127,2022-01-15,2022-01-15,08:00,2022-01-15,16:00,480,2022,1,Saturday,matin,Sud-Ouest,,Gaoua,Secteur 3,10.324,-3.19,prévue,raccordement nouveaux postes,terminée,SONABEL,officielle,https://www.facebook.com/sonabelbf/,1.0,élevé,42.3,0,6.76
128,2020-07-30,2020-08-01,09:00,2020-08-01,10:30,90,2020,8,Saturday,matin,Est,,Fada N'Gourma,Secteur 1,12.061,0.359,prévue,travaux entretien réseau,terminée,Faso Actu,media,https://faso-actu.info/,0.75,faible,38.0,0,6.48
129,2023-01-12,2023-01-14,07:00,2023-01-14,09:00,120,2023,1,Saturday,matin,Est,,Fada N'Gourma,Secteur 11,12.056,0.366,travaux,maintenance programmée,terminée,SONABEL,officielle,https://www.facebook.com/sonabelbf/,1.0,moyen,42.6,2.8,5.83
130,2021-10-17,2021-10-17,06:00,2021-10-17,07:00,60,2021,10,Sunday,matin,Sud-Ouest,,Gaoua,Secteur 3,10.324,-3.19,prévue,raccordement nouveaux postes,terminée,Signalement utilisateur,terrain,,0.55,faible,33.8,0,5.94
131,2024-10-01,2024-10-02,06:00,2024-10-02,10:00,240,2024,10,Wednesday,matin,Nord,,Ouahigouya,Secteur 10,13.57,-2.41,travaux,orage ou intempéries,terminée,Lefaso.net,media,https://lefaso.net/,0.8,moyen,39.0,2.1,5.45
132,2022-02-10,2022-02-13,12:00,2022-02-13,18:00,360,2022,2,Sunday,après-midi,Nord,,Ouahigouya,Secteur 2,13.583,-2.421,prévue,raccordement nouveaux postes,terminée,Wakat Séra,media,https://www.wakatsera.com/?s=SONABEL+coupure,0.8,élevé,34.7,0.1,6.43
133,2023-12-20,2023-12-23,12:00,2023-12-23,20:00,480,2023,12,Saturday,après-midi,Centre-Nord,,Kaya,Secteur 4,13.091,-1.083,imprévue,incident technique,terminée,Donnée expérimentale,simulation,,0.2,élevé,30.8,0,4.94
134,2023-07-15,2023-07-16,16:30,2023-07-16,19:30,180,2023,7,Sunday,après-midi,Hauts-Bassins,,Bobo-Dioulasso,Sarfala,11.177,-4.31,prévue,déficit de production,terminée,Faso Actu,media,https://faso-actu.info/,0.75,moyen,38.8,0.2,4.67
135,2026-05-27,2026-05-28,06:00,2026-05-28,14:00,480,2026,5,Thursday,matin,Sud-Ouest,,Gaoua,Centre-ville,10.328,-3.178,prévue,surcharge du réseau,terminée,SONABEL,officielle,https://www.facebook.com/sonabelbf/,1.0,élevé,32.5,1.0,6.67
136,2022-07-17,2022-07-18,12:30,2022-07-18,16:30,240,2022,7,Monday,après-midi,Centre-Nord,,Kaya,Secteur 4,13.091,-1.083,prévue,orage ou intempéries,terminée,SONABEL,officielle,https://www.facebook.com/sonabelbf/,1.0,moyen,38.6,2.2,6.55
137,2024-12-25,2024-12-28,20:00,2024-12-28,22:00,120,2024,12,Saturday,soir,Centre,Kadiogo,Ouagadougou,Tanghin,12.389,-1.515,imprévue,déficit de production,terminée,Wakat Séra,media,https://www.wakatsera.com/?s=SONABEL+coupure,0.8,moyen,41.6,4.0,5.77
138,2022-10-22,2022-10-24,16:30,2022-10-24,20:30,240,2022,10,Monday,après-midi,Sud-Ouest,,Gaoua,Centre-ville,10.328,-3.178,prévue,déficit de production,terminée,SONABEL,officielle,https://www.facebook.com/sonabelbf/,1.0,moyen,36.4,0.9,6.22
139,2026-01-09,2026-01-12,09:00,2026-01-12,13:00,240,2026,1,Monday,matin,Sud-Ouest,,Gaoua,Centre-ville,10.328,-3.178,imprévue,raccordement nouveaux postes,terminée,Signalement utilisateur,terrain,,0.55,moyen,31.3,6.7,6.36
140,2025-01-31,2025-01-31,14:00,2025-01-31,19:00,300,2025,1,Friday,après-midi,Est,,Fada N'Gourma,Secteur 1,12.061,0.359,perturbation,déficit de production,terminée,Wakat Séra,media,https://www.wakatsera.com/?s=SONABEL+coupure,0.8,élevé,36.3,2.3,4.87
141,2021-12-26,2021-12-28,16:30,2021-12-28,22:30,360,2021,12,Tuesday,après-midi,Centre,Kadiogo,Ouagadougou,Dassasgho,12.384,-1.469,prévue,maintenance programmée,terminée,Signalement utilisateur,terrain,,0.55,élevé,29.1,0.3,5.34
142,2023-03-23,2023-03-26,14:00,2023-03-26,18:00,240,2023,3,Sunday,après-midi,Centre-Ouest,,Koudougou,Secteur 1,12.252,-2.363,imprévue,orage ou intempéries,terminée,Signalement utilisateur,terrain,,0.55,moyen,31.4,2.2,6.42
143,2026-05-27,2026-05-27,10:00,2026-05-27,18:00,480,2026,5,Wednesday,matin,Est,,Fada N'Gourma,Secteur 1,12.061,0.359,travaux,incident technique,terminée,SONABEL,officielle,https://www.facebook.com/sonabelbf/,1.0,élevé,34.7,0,5.13
144,2023-03-22,2023-03-23,07:00,2023-03-23,09:00,120,2023,3,Thursday,matin,Est,,Fada N'Gourma,Secteur 11,12.056,0.366,prévue,surcharge du réseau,terminée,SONABEL,officielle,https://www.facebook.com/sonabelbf/,1.0,moyen,38.9,0,5.16
145,2022-06-15,2022-06-16,16:00,2022-06-16,20:00,240,2022,6,Thursday,après-midi,Sud-Ouest,,Gaoua,Centre-ville,10.328,-3.178,prévue,raccordement nouveaux postes,terminée,SONABEL,officielle,https://www.facebook.com/sonabelbf/,1.0,moyen,34.2,1.2,5.44
146,2021-05-28,2021-05-29,20:00,2021-05-30,04:00,480,2021,5,Saturday,soir,Hauts-Bassins,,Bobo-Dioulasso,Sarfala,11.177,-4.31,perturbation,raccordement nouveaux postes,terminée,SONABEL,officielle,https://www.facebook.com/sonabelbf/,1.0,élevé,34.9,0,4.91
147,2024-02-12,2024-02-15,12:00,2024-02-15,15:00,180,2024,2,Thursday,après-midi,Centre-Nord,,Kaya,Secteur 4,13.091,-1.083,prévue,incident technique,terminée,Faso Actu,media,https://faso-actu.info/,0.75,moyen,34.5,0,4.55
148,2021-07-28,2021-07-31,20:30,2021-07-31,23:30,180,2021,7,Saturday,soir,Est,,Fada N'Gourma,Secteur 11,12.056,0.366,prévue,maintenance programmée,terminée,SONABEL,officielle,https://www.facebook.com/sonabelbf/,1.0,moyen,33.7,2.5,4.84
149,2025-04-15,2025-04-16,07:30,2025-04-16,09:00,90,2025,4,Wednesday,matin,Centre,Kadiogo,Ouagadougou,Bendogo,12.373,-1.44,perturbation,orage ou intempéries,terminée,Wakat Séra,media,https://www.wakatsera.com/?s=SONABEL+coupure,0.8,faible,35.3,1.3,4.52
150,2025-11-18,2025-11-20,10:00,2025-11-20,15:00,300,2025,11,Thursday,matin,Centre,Kadiogo,Ouagadougou,Dassasgho,12.384,-1.469,prévue,travaux entretien réseau,terminée,Wakat Séra,media,https://www.wakatsera.com/?s=SONABEL+coupure,0.8,élevé,41.4,0,4.74
151,2023-01-21,2023-01-21,07:30,2023-01-21,11:30,240,2023,1,Saturday,matin,Centre-Ouest,,Koudougou,Secteur 1,12.252,-2.363,perturbation,déficit de production,terminée,SONABEL,officielle,https://www.facebook.com/sonabelbf/,1.0,moyen,29.6,2.1,5.03
152,2023-03-13,2023-03-14,09:30,2023-03-14,14:30,300,2023,3,Tuesday,matin,Centre-Ouest,,Koudougou,Secteur 1,12.252,-2.363,prévue,incident technique,terminée,Signalement utilisateur,terrain,,0.55,élevé,41.5,0,4.78
153,2025-12-01,2025-12-04,10:00,2025-12-04,11:30,90,2025,12,Thursday,matin,Centre-Ouest,,Koudougou,Secteur 5,12.243,-2.365,prévue,surcharge du réseau,terminée,SONABEL,officielle,https://www.facebook.com/sonabelbf/,1.0,faible,39.2,2.4,6.3
154,2025-04-09,2025-04-11,20:00,2025-04-12,02:00,360,2025,4,Friday,soir,Sud-Ouest,,Gaoua,Secteur 3,10.324,-3.19,prévue,orage ou intempéries,terminée,Wakat Séra,media,https://www.wakatsera.com/?s=SONABEL+coupure,0.8,élevé,42.4,0,6.74
155,2026-03-26,2026-03-27,08:00,2026-03-27,09:30,90,2026,3,Friday,matin,Nord,,Ouahigouya,Secteur 10,13.57,-2.41,travaux,surcharge du réseau,terminée,Lefaso.net,media,https://lefaso.net/,0.8,faible,35.8,2.3,6.1
156,2022-08-20,2022-08-22,08:00,2022-08-22,13:00,300,2022,8,Monday,matin,Est,,Fada N'Gourma,Secteur 11,12.056,0.366,prévue,raccordement nouveaux postes,terminée,Wakat Séra,media,https://www.wakatsera.com/?s=SONABEL+coupure,0.8,élevé,42.9,2.1,5.11
157,2026-04-19,2026-04-19,20:30,2026-04-20,02:30,360,2026,4,Sunday,soir,Nord,,Ouahigouya,Secteur 2,13.583,-2.421,imprévue,incident technique,terminée,SONABEL,officielle,https://www.facebook.com/sonabelbf/,1.0,élevé,35.7,4.1,4.95
158,2020-06-21,2020-06-22,16:30,2020-06-22,18:00,90,2020,6,Monday,après-midi,Nord,,Ouahigouya,Secteur 2,13.583,-2.421,imprévue,incident technique,terminée,Lefaso.net,media,https://lefaso.net/,0.8,faible,30.1,4.0,5.08
159,2024-07-25,2024-07-28,16:00,2024-07-28,20:00,240,2024,7,Sunday,après-midi,Centre,Kadiogo,Ouagadougou,Dassasgho,12.384,-1.469,prévue,déficit de production,terminée,SONABEL,officielle,https://www.facebook.com/sonabelbf/,1.0,moyen,35.8,2.4,6.38
160,2022-11-08,2022-11-08,07:00,2022-11-08,08:00,60,2022,11,Tuesday,matin,Centre,Kadiogo,Ouagadougou,Gounghin,12.357,-1.543,prévue,raccordement nouveaux postes,terminée,Wakat Séra,media,https://www.wakatsera.com/?s=SONABEL+coupure,0.8,faible,34.8,0,6.58
161,2024-04-25,2024-04-26,12:00,2024-04-26,16:00,240,2024,4,Friday,après-midi,Hauts-Bassins,,Bobo-Dioulasso,Accart-Ville,11.172,-4.297,perturbation,surcharge du réseau,terminée,Wakat Séra,media,https://www.wakatsera.com/?s=SONABEL+coupure,0.8,moyen,36.3,0,4.89
162,2025-11-17,2025-11-20,07:00,2025-11-20,11:00,240,2025,11,Thursday,matin,Centre-Nord,,Kaya,Secteur 4,13.091,-1.083,perturbation,orage ou intempéries,terminée,SONABEL,officielle,https://www.facebook.com/sonabelbf/,1.0,moyen,39.8,3.7,6.59
163,2020-10-20,2020-10-20,08:30,2020-10-20,10:00,90,2020,10,Tuesday,matin,Centre-Nord,,Kaya,Secteur 4,13.091,-1.083,prévue,orage ou intempéries,terminée,Wakat Séra,media,https://www.wakatsera.com/?s=SONABEL+coupure,0.8,faible,36.2,1.2,4.98
164,2026-05-11,2026-05-13,07:00,2026-05-13,08:00,60,2026,5,Wednesday,matin,Centre-Nord,,Kaya,Secteur 6,13.102,-1.095,perturbation,raccordement nouveaux postes,terminée,Donnée expérimentale,simulation,,0.2,faible,35.4,5.4,4.61
165,2024-03-19,2024-03-19,12:00,2024-03-19,17:00,300,2024,3,Tuesday,après-midi,Hauts-Bassins,,Bobo-Dioulasso,Accart-Ville,11.172,-4.297,perturbation,maintenance programmée,terminée,SONABEL,officielle,https://www.facebook.com/sonabelbf/,1.0,élevé,34.5,1.0,5.03
166,2025-02-10,2025-02-13,07:00,2025-02-13,08:30,90,2025,2,Thursday,matin,Hauts-Bassins,,Bobo-Dioulasso,Accart-Ville,11.172,-4.297,perturbation,surcharge du réseau,terminée,Signalement utilisateur,terrain,,0.55,faible,34.8,1.3,5.95
167,2022-08-19,2022-08-22,16:00,2022-08-22,20:00,240,2022,8,Monday,après-midi,Hauts-Bassins,,Bobo-Dioulasso,Sarfala,11.177,-4.31,prévue,surcharge du réseau,terminée,SONABEL,officielle,https://www.facebook.com/sonabelbf/,1.0,moyen,32.8,1.9,6.38
168,2024-07-14,2024-07-15,20:00,2024-07-16,01:00,300,2024,7,Monday,soir,Sud-Ouest,,Gaoua,Secteur 3,10.324,-3.19,imprévue,déficit de production,terminée,SONABEL,officielle,https://www.facebook.com/sonabelbf/,1.0,élevé,37.6,2.8,6.13
169,2020-11-22,2020-11-23,16:00,2020-11-24,00:00,480,2020,11,Monday,après-midi,Sud-Ouest,,Gaoua,Centre-ville,10.328,-3.178,prévue,orage ou intempéries,terminée,SONABEL,officielle,https://www.facebook.com/sonabelbf/,1.0,élevé,38.0,0.5,4.66
170,2025-03-14,2025-03-16,10:00,2025-03-16,14:00,240,2025,3,Sunday,matin,Centre-Ouest,,Koudougou,Secteur 5,12.243,-2.365,prévue,raccordement nouveaux postes,terminée,SONABEL,officielle,https://www.facebook.com/sonabelbf/,1.0,moyen,33.1,0,5.55
171,2023-01-28,2023-01-31,09:00,2023-01-31,13:00,240,2023,1,Tuesday,matin,Nord,,Ouahigouya,Secteur 10,13.57,-2.41,imprévue,surcharge du réseau,terminée,Signalement utilisateur,terrain,,0.55,moyen,41.7,0,5.25
172,2025-11-07,2025-11-09,08:00,2025-11-09,16:00,480,2025,11,Sunday,matin,Centre-Ouest,,Koudougou,Secteur 1,12.252,-2.363,perturbation,incident technique,terminée,Donnée expérimentale,simulation,,0.2,élevé,42.4,2.5,4.82
173,2025-04-11,2025-04-14,09:00,2025-04-14,15:00,360,2025,4,Monday,matin,Centre,Kadiogo,Ouagadougou,Gounghin,12.357,-1.543,imprévue,orage ou intempéries,terminée,SONABEL,officielle,https://www.facebook.com/sonabelbf/,1.0,élevé,36.0,0.5,4.7
174,2020-07-29,2020-07-31,20:00,2020-08-01,01:00,300,2020,7,Friday,soir,Centre,Kadiogo,Ouagadougou,Karpala,12.317,-1.493,perturbation,raccordement nouveaux postes,terminée,SONABEL,officielle,https://www.facebook.com/sonabelbf/,1.0,élevé,42.5,0,5.78
175,2020-08-23,2020-08-23,08:00,2020-08-23,09:00,60,2020,8,Sunday,matin,Centre-Ouest,,Koudougou,Secteur 5,12.243,-2.365,prévue,raccordement nouveaux postes,terminée,Wakat Séra,media,https://www.wakatsera.com/?s=SONABEL+coupure,0.8,faible,33.9,3.5,5.78
176,2026-03-24,2026-03-26,06:00,2026-03-26,14:00,480,2026,3,Thursday,matin,Hauts-Bassins,,Bobo-Dioulasso,Bindougousso,11.189,-4.289,perturbation,maintenance programmée,terminée,Faso Actu,media,https://faso-actu.info/,0.75,élevé,30.8,0,4.93
177,2024-02-27,2024-02-27,12:00,2024-02-27,13:30,90,2024,2,Tuesday,après-midi,Centre,Kadiogo,Ouagadougou,Dassasgho,12.384,-1.469,perturbation,maintenance programmée,terminée,Signalement utilisateur,terrain,,0.55,faible,32.0,0.2,4.94
178,2021-08-25,2021-08-26,07:30,2021-08-26,09:00,90,2021,8,Thursday,matin,Hauts-Bassins,,Bobo-Dioulasso,Bindougousso,11.189,-4.289,travaux,incident technique,terminée,SONABEL,officielle,https://www.facebook.com/sonabelbf/,1.0,faible,42.3,3.7,4.68
179,2024-03-14,2024-03-14,18:00,2024-03-14,22:00,240,2024,3,Thursday,soir,Est,,Fada N'Gourma,Secteur 11,12.056,0.366,prévue,maintenance programmée,terminée,Donnée expérimentale,simulation,,0.2,moyen,34.4,3.5,5.97
180,2021-01-24,2021-01-24,06:30,2021-01-24,07:30,60,2021,1,Sunday,matin,Hauts-Bassins,,Bobo-Dioulasso,Accart-Ville,11.172,-4.297,imprévue,surcharge du réseau,terminée,Wakat Séra,media,https://www.wakatsera.com/?s=SONABEL+coupure,0.8,faible,35.0,1.5,6.34
181,2021-08-15,2021-08-15,16:00,2021-08-16,00:00,480,2021,8,Sunday,après-midi,Sud-Ouest,,Gaoua,Centre-ville,10.328,-3.178,prévue,surcharge du réseau,terminée,Lefaso.net,media,https://lefaso.net/,0.8,élevé,39.8,2.3,5.67
182,2020-04-23,2020-04-26,14:00,2020-04-26,16:00,120,2020,4,Sunday,après-midi,Sud-Ouest,,Gaoua,Secteur 3,10.324,-3.19,imprévue,raccordement nouveaux postes,terminée,Signalement utilisateur,terrain,,0.55,moyen,33.1,4.0,6.63
183,2020-01-11,2020-01-13,07:00,2020-01-13,09:00,120,2020,1,Monday,matin,Centre-Ouest,,Koudougou,Secteur 5,12.243,-2.365,perturbation,travaux entretien réseau,terminée,Wakat Séra,media,https://www.wakatsera.com/?s=SONABEL+coupure,0.8,moyen,30.1,1.5,4.8
184,2022-05-13,2022-05-15,16:00,2022-05-15,22:00,360,2022,5,Sunday,après-midi,Sud-Ouest,,Gaoua,Secteur 3,10.324,-3.19,prévue,orage ou intempéries,terminée,Wakat Séra,media,https://www.wakatsera.com/?s=SONABEL+coupure,0.8,élevé,32.7,4.3,6.7
185,2021-07-08,2021-07-08,16:30,2021-07-08,18:30,120,2021,7,Thursday,après-midi,Centre,Kadiogo,Ouagadougou,Tanghin,12.389,-1.515,prévue,incident technique,terminée,Lefaso.net,media,https://lefaso.net/,0.8,moyen,38.8,2.1,5.71
186,2026-05-28,2026-05-29,08:00,2026-05-29,09:00,60,2026,5,Friday,matin,Centre-Nord,,Kaya,Secteur 4,13.091,-1.083,imprévue,travaux entretien réseau,terminée,Faso Actu,media,https://faso-actu.info/,0.75,faible,39.8,0,5.96
187,2020-01-31,2020-01-31,06:00,2020-01-31,14:00,480,2020,1,Friday,matin,Centre-Ouest,,Koudougou,Secteur 1,12.252,-2.363,prévue,travaux entretien réseau,terminée,Wakat Séra,media,https://www.wakatsera.com/?s=SONABEL+coupure,0.8,élevé,31.5,0,5.04
188,2020-12-30,2021-01-01,18:00,2021-01-01,20:00,120,2021,1,Friday,soir,Centre,Kadiogo,Ouagadougou,Dassasgho,12.384,-1.469,perturbation,surcharge du réseau,terminée,Wakat Séra,media,https://www.wakatsera.com/?s=SONABEL+coupure,0.8,moyen,40.0,0,6.41
189,2026-03-22,2026-03-23,14:30,2026-03-23,16:30,120,2026,3,Monday,après-midi,Centre,Kadiogo,Ouagadougou,Rayongo,12.318,-1.451,imprévue,raccordement nouveaux postes,terminée,Lefaso.net,media,https://lefaso.net/,0.8,moyen,33.7,0,6.3
190,2023-09-26,2023-09-26,10:00,2023-09-26,11:00,60,2023,9,Tuesday,matin,Nord,,Ouahigouya,Secteur 10,13.57,-2.41,imprévue,maintenance programmée,terminée,SONABEL,officielle,https://www.facebook.com/sonabelbf/,1.0,faible,35.8,2.0,5.44
191,2022-06-11,2022-06-11,06:00,2022-06-11,14:00,480,2022,6,Saturday,matin,Est,,Fada N'Gourma,Secteur 11,12.056,0.366,prévue,raccordement nouveaux postes,terminée,Wakat Séra,media,https://www.wakatsera.com/?s=SONABEL+coupure,0.8,élevé,37.3,10.5,5.37
192,2025-02-01,2025-02-04,07:30,2025-02-04,13:30,360,2025,2,Tuesday,matin,Est,,Fada N'Gourma,Secteur 1,12.061,0.359,perturbation,surcharge du réseau,terminée,Wakat Séra,media,https://www.wakatsera.com/?s=SONABEL+coupure,0.8,élevé,40.2,0,5.4
193,2025-09-27,2025-09-30,08:30,2025-09-30,09:30,60,2025,9,Tuesday,matin,Centre-Nord,,Kaya,Secteur 6,13.102,-1.095,prévue,déficit de production,terminée,Faso Actu,media,https://faso-actu.info/,0.75,faible,41.9,1.1,4.63
194,2020-06-13,2020-06-16,20:00,2020-06-17,00:00,240,2020,6,Tuesday,soir,Centre-Nord,,Kaya,Secteur 6,13.102,-1.095,imprévue,déficit de production,terminée,Signalement utilisateur,terrain,,0.55,moyen,35.6,4.8,4.98
195,2022-04-23,2022-04-26,09:00,2022-04-26,10:30,90,2022,4,Tuesday,matin,Est,,Fada N'Gourma,Secteur 11,12.056,0.366,imprévue,déficit de production,terminée,SONABEL,officielle,https://www.facebook.com/sonabelbf/,1.0,faible,29.3,0,5.01
196,2022-03-11,2022-03-14,08:00,2022-03-14,09:00,60,2022,3,Monday,matin,Sud-Ouest,,Gaoua,Centre-ville,10.328,-3.178,prévue,incident technique,terminée,Wakat Séra,media,https://www.wakatsera.com/?s=SONABEL+coupure,0.8,faible,40.1,0.3,6.14
197,2022-10-27,2022-10-27,18:00,2022-10-27,19:00,60,2022,10,Thursday,soir,Centre,Kadiogo,Ouagadougou,Gounghin,12.357,-1.543,imprévue,maintenance programmée,terminée,Wakat Séra,media,https://www.wakatsera.com/?s=SONABEL+coupure,0.8,faible,30.7,0,6.19
198,2024-04-09,2024-04-11,06:30,2024-04-11,09:30,180,2024,4,Thursday,matin,Est,,Fada N'Gourma,Secteur 1,12.061,0.359,perturbation,raccordement nouveaux postes,terminée,SONABEL,officielle,https://www.facebook.com/sonabelbf/,1.0,moyen,35.5,0.7,6.78
199,2022-06-29,2022-07-01,12:30,2022-07-01,16:30,240,2022,7,Friday,après-midi,Nord,,Ouahigouya,Secteur 2,13.583,-2.421,prévue,travaux entretien réseau,terminée,Donnée expérimentale,simulation,,0.2,moyen,31.0,1.9,5.08
200,2024-01-30,2024-01-30,16:30,2024-01-30,21:30,300,2024,1,Tuesday,après-midi,Hauts-Bassins,,Bobo-Dioulasso,Sarfala,11.177,-4.31,prévue,surcharge du réseau,terminée,SONABEL,officielle,https://www.facebook.com/sonabelbf/,1.0,élevé,37.0,4.0,6.3
201,2024-05-17,2024-05-19,20:00,2024-05-20,04:00,480,2024,5,Sunday,soir,Est,,Fada N'Gourma,Secteur 1,12.061,0.359,prévue,incident technique,terminée,SONABEL,officielle,https://www.facebook.com/sonabelbf/,1.0,élevé,37.7,2.2,6.54
202,2023-08-11,2023-08-11,12:00,2023-08-11,13:30,90,2023,8,Friday,après-midi,Nord,,Ouahigouya,Secteur 10,13.57,-2.41,prévue,raccordement nouveaux postes,terminée,SONABEL,officielle,https://www.facebook.com/sonabelbf/,1.0,faible,40.1,0,5.0
203,2020-05-24,2020-05-26,18:00,2020-05-26,23:00,300,2020,5,Tuesday,soir,Sud-Ouest,,Gaoua,Secteur 3,10.324,-3.19,imprévue,maintenance programmée,terminée,Wakat Séra,media,https://www.wakatsera.com/?s=SONABEL+coupure,0.8,élevé,34.8,0,4.98
204,2024-06-12,2024-06-15,12:00,2024-06-15,14:00,120,2024,6,Saturday,après-midi,Centre-Ouest,,Koudougou,Secteur 5,12.243,-2.365,imprévue,orage ou intempéries,terminée,Lefaso.net,media,https://lefaso.net/,0.8,moyen,37.5,5.7,4.61
205,2020-02-14,2020-02-15,08:30,2020-02-15,12:30,240,2020,2,Saturday,matin,Nord,,Ouahigouya,Secteur 10,13.57,-2.41,perturbation,maintenance programmée,terminée,Wakat Séra,media,https://www.wakatsera.com/?s=SONABEL+coupure,0.8,moyen,31.2,0.3,4.7
206,2022-02-20,2022-02-21,12:00,2022-02-21,15:00,180,2022,2,Monday,après-midi,Nord,,Ouahigouya,Secteur 2,13.583,-2.421,imprévue,raccordement nouveaux postes,terminée,Donnée expérimentale,simulation,,0.2,moyen,30.7,5.0,6.15
207,2020-06-16,2020-06-17,10:00,2020-06-17,18:00,480,2020,6,Wednesday,matin,Centre-Nord,,Kaya,Secteur 6,13.102,-1.095,prévue,surcharge du réseau,terminée,SONABEL,officielle,https://www.facebook.com/sonabelbf/,1.0,élevé,34.0,0,5.47
208,2023-09-14,2023-09-17,10:00,2023-09-17,13:00,180,2023,9,Sunday,matin,Nord,,Ouahigouya,Secteur 10,13.57,-2.41,perturbation,raccordement nouveaux postes,terminée,Wakat Séra,media,https://www.wakatsera.com/?s=SONABEL+coupure,0.8,moyen,41.0,0,5.18
209,2023-07-28,2023-07-29,06:00,2023-07-29,10:00,240,2023,7,Saturday,matin,Centre,Kadiogo,Ouagadougou,Dassasgho,12.384,-1.469,imprévue,déficit de production,terminée,Wakat Séra,media,https://www.wakatsera.com/?s=SONABEL+coupure,0.8,moyen,41.4,3.7,6.64
210,2022-04-17,2022-04-17,12:00,2022-04-17,15:00,180,2022,4,Sunday,après-midi,Centre-Nord,,Kaya,Secteur 6,13.102,-1.095,imprévue,orage ou intempéries,terminée,Faso Actu,media,https://faso-actu.info/,0.75,moyen,35.5,0,5.39
211,2025-10-18,2025-10-19,18:00,2025-10-20,00:00,360,2025,10,Sunday,soir,Est,,Fada N'Gourma,Secteur 11,12.056,0.366,prévue,travaux entretien réseau,terminée,Wakat Séra,media,https://www.wakatsera.com/?s=SONABEL+coupure,0.8,élevé,32.0,1.4,6.64
212,2024-04-07,2024-04-09,07:00,2024-04-09,09:00,120,2024,4,Tuesday,matin,Hauts-Bassins,,Bobo-Dioulasso,Bindougousso,11.189,-4.289,imprévue,surcharge du réseau,terminée,SONABEL,officielle,https://www.facebook.com/sonabelbf/,1.0,moyen,37.0,3.4,5.58
213,2020-11-26,2020-11-27,14:00,2020-11-27,15:00,60,2020,11,Friday,après-midi,Centre-Ouest,,Koudougou,Secteur 1,12.252,-2.363,prévue,raccordement nouveaux postes,terminée,Wakat Séra,media,https://www.wakatsera.com/?s=SONABEL+coupure,0.8,faible,42.0,1.3,5.12
214,2025-12-12,2025-12-13,06:00,2025-12-13,14:00,480,2025,12,Saturday,matin,Est,,Fada N'Gourma,Secteur 11,12.056,0.366,prévue,travaux entretien réseau,terminée,Donnée expérimentale,simulation,,0.2,élevé,42.9,2.4,5.06
215,2023-03-29,2023-03-31,08:00,2023-03-31,09:30,90,2023,3,Friday,matin,Hauts-Bassins,,Bobo-Dioulasso,Sarfala,11.177,-4.31,imprévue,travaux entretien réseau,terminée,SONABEL,officielle,https://www.facebook.com/sonabelbf/,1.0,faible,37.2,0,5.78
216,2022-09-15,2022-09-18,07:00,2022-09-18,15:00,480,2022,9,Sunday,matin,Centre-Nord,,Kaya,Secteur 4,13.091,-1.083,prévue,travaux entretien réseau,terminée,SONABEL,officielle,https://www.facebook.com/sonabelbf/,1.0,élevé,34.8,3.3,6.36
217,2021-10-09,2021-10-09,09:30,2021-10-09,15:30,360,2021,10,Saturday,matin,Sud-Ouest,,Gaoua,Secteur 3,10.324,-3.19,perturbation,travaux entretien réseau,terminée,Signalement utilisateur,terrain,,0.55,élevé,38.5,0.6,5.61
218,2023-10-03,2023-10-03,20:00,2023-10-03,21:00,60,2023,10,Tuesday,soir,Nord,,Ouahigouya,Secteur 10,13.57,-2.41,perturbation,surcharge du réseau,terminée,Faso Actu,media,https://faso-actu.info/,0.75,faible,30.2,0,6.08
219,2026-03-17,2026-03-20,18:00,2026-03-21,00:00,360,2026,3,Friday,soir,Est,,Fada N'Gourma,Secteur 1,12.061,0.359,prévue,travaux entretien réseau,terminée,SONABEL,officielle,https://www.facebook.com/sonabelbf/,1.0,élevé,30.8,4.2,5.97
220,2021-09-15,2021-09-17,18:00,2021-09-17,21:00,180,2021,9,Friday,soir,Nord,,Ouahigouya,Secteur 2,13.583,-2.421,prévue,maintenance programmée,terminée,Lefaso.net,media,https://lefaso.net/,0.8,moyen,29.9,2.8,5.13
221,2021-09-19,2021-09-21,18:00,2021-09-21,19:30,90,2021,9,Tuesday,soir,Centre,Kadiogo,Ouagadougou,Gounghin,12.357,-1.543,prévue,maintenance programmée,terminée,Signalement utilisateur,terrain,,0.55,faible,32.7,2.7,4.63
222,2022-06-10,2022-06-13,14:30,2022-06-13,19:30,300,2022,6,Monday,après-midi,Est,,Fada N'Gourma,Secteur 11,12.056,0.366,perturbation,surcharge du réseau,terminée,Lefaso.net,media,https://lefaso.net/,0.8,élevé,38.6,2.0,6.47
223,2021-08-07,2021-08-10,16:30,2021-08-10,19:30,180,2021,8,Tuesday,après-midi,Centre-Nord,,Kaya,Secteur 6,13.102,-1.095,imprévue,maintenance programmée,terminée,SONABEL,officielle,https://www.facebook.com/sonabelbf/,1.0,moyen,31.8,0.2,4.56
224,2021-07-12,2021-07-14,16:00,2021-07-14,19:00,180,2021,7,Wednesday,après-midi,Hauts-Bassins,,Bobo-Dioulasso,Bindougousso,11.189,-4.289,perturbation,orage ou intempéries,terminée,Lefaso.net,media,https://lefaso.net/,0.8,moyen,34.2,5.5,5.85
225,2024-03-11,2024-03-11,14:30,2024-03-11,17:30,180,2024,3,Monday,après-midi,Centre-Ouest,,Koudougou,Secteur 1,12.252,-2.363,imprévue,maintenance programmée,terminée,Lefaso.net,media,https://lefaso.net/,0.8,moyen,40.2,0.3,5.01
226,2024-11-12,2024-11-15,18:00,2024-11-15,22:00,240,2024,11,Friday,soir,Centre,Kadiogo,Ouagadougou,Rayongo,12.318,-1.451,travaux,orage ou intempéries,terminée,Signalement utilisateur,terrain,,0.55,moyen,37.4,0.7,5.09
227,2026-03-17,2026-03-17,09:00,2026-03-17,14:00,300,2026,3,Tuesday,matin,Centre,Kadiogo,Ouagadougou,Rayongo,12.318,-1.451,imprévue,incident technique,terminée,Signalement utilisateur,terrain,,0.55,élevé,32.3,1.8,6.0
228,2024-05-03,2024-05-05,14:00,2024-05-05,16:00,120,2024,5,Sunday,après-midi,Nord,,Ouahigouya,Secteur 2,13.583,-2.421,prévue,surcharge du réseau,terminée,Lefaso.net,media,https://lefaso.net/,0.8,moyen,41.6,5.6,5.46
229,2021-03-15,2021-03-18,14:00,2021-03-18,18:00,240,2021,3,Thursday,après-midi,Centre-Nord,,Kaya,Secteur 6,13.102,-1.095,prévue,travaux entretien réseau,terminée,SONABEL,officielle,https://www.facebook.com/sonabelbf/,1.0,moyen,40.0,0.8,4.71
230,2022-09-05,2022-09-05,06:00,2022-09-05,09:00,180,2022,9,Monday,matin,Centre-Ouest,,Koudougou,Secteur 5,12.243,-2.365,imprévue,maintenance programmée,terminée,Signalement utilisateur,terrain,,0.55,moyen,40.3,7.3,6.32
231,2023-03-02,2023-03-02,18:00,2023-03-02,20:00,120,2023,3,Thursday,soir,Est,,Fada N'Gourma,Secteur 1,12.061,0.359,prévue,surcharge du réseau,terminée,SONABEL,officielle,https://www.facebook.com/sonabelbf/,1.0,moyen,31.0,0,5.85
232,2021-12-29,2021-12-31,07:00,2021-12-31,10:00,180,2021,12,Friday,matin,Est,,Fada N'Gourma,Secteur 1,12.061,0.359,prévue,travaux entretien réseau,terminée,SONABEL,officielle,https://www.facebook.com/sonabelbf/,1.0,moyen,30.8,0,4.84
233,2023-03-04,2023-03-04,16:00,2023-03-04,17:30,90,2023,3,Saturday,après-midi,Centre,Kadiogo,Ouagadougou,Tanghin,12.389,-1.515,perturbation,raccordement nouveaux postes,terminée,SONABEL,officielle,https://www.facebook.com/sonabelbf/,1.0,faible,42.9,0,4.63
234,2021-09-24,2021-09-27,18:00,2021-09-27,23:00,300,2021,9,Monday,soir,Centre-Ouest,,Koudougou,Secteur 1,12.252,-2.363,prévue,raccordement nouveaux postes,terminée,SONABEL,officielle,https://www.facebook.com/sonabelbf/,1.0,élevé,39.3,6.5,5.62
235,2024-05-02,2024-05-05,20:00,2024-05-05,21:00,60,2024,5,Sunday,soir,Centre,Kadiogo,Ouagadougou,Gounghin,12.357,-1.543,travaux,raccordement nouveaux postes,terminée,Donnée expérimentale,simulation,,0.2,faible,34.7,0.8,5.43
236,2021-07-26,2021-07-26,16:00,2021-07-26,19:00,180,2021,7,Monday,après-midi,Centre-Nord,,Kaya,Secteur 6,13.102,-1.095,perturbation,travaux entretien réseau,terminée,Wakat Séra,media,https://www.wakatsera.com/?s=SONABEL+coupure,0.8,moyen,36.7,0,6.53
237,2020-08-15,2020-08-17,07:00,2020-08-17,12:00,300,2020,8,Monday,matin,Est,,Fada N'Gourma,Secteur 1,12.061,0.359,perturbation,raccordement nouveaux postes,terminée,SONABEL,officielle,https://www.facebook.com/sonabelbf/,1.0,élevé,32.6,0,5.72
238,2020-09-18,2020-09-18,10:00,2020-09-18,16:00,360,2020,9,Friday,matin,Centre,Kadiogo,Ouagadougou,Karpala,12.317,-1.493,imprévue,déficit de production,terminée,Lefaso.net,media,https://lefaso.net/,0.8,élevé,32.5,0,6.13
239,2024-01-25,2024-01-27,09:00,2024-01-27,10:30,90,2024,1,Saturday,matin,Centre-Nord,,Kaya,Secteur 6,13.102,-1.095,prévue,orage ou intempéries,terminée,SONABEL,officielle,https://www.facebook.com/sonabelbf/,1.0,faible,38.8,1.9,6.21
240,2025-07-17,2025-07-17,18:00,2025-07-17,23:00,300,2025,7,Thursday,soir,Centre-Ouest,,Koudougou,Secteur 5,12.243,-2.365,prévue,orage ou intempéries,terminée,Wakat Séra,media,https://www.wakatsera.com/?s=SONABEL+coupure,0.8,élevé,32.4,2.7,6.58
241,2026-03-15,2026-03-17,18:00,2026-03-17,19:00,60,2026,3,Tuesday,soir,Nord,,Ouahigouya,Secteur 2,13.583,-2.421,travaux,surcharge du réseau,terminée,Faso Actu,media,https://faso-actu.info/,0.75,faible,42.8,0,6.0
242,2020-01-29,2020-01-30,20:00,2020-01-31,00:00,240,2020,1,Thursday,soir,Sud-Ouest,,Gaoua,Secteur 3,10.324,-3.19,imprévue,surcharge du réseau,terminée,SONABEL,officielle,https://www.facebook.com/sonabelbf/,1.0,moyen,41.4,2.7,5.79
243,2024-12-29,2024-12-30,18:00,2024-12-30,19:30,90,2024,12,Monday,soir,Est,,Fada N'Gourma,Secteur 11,12.056,0.366,perturbation,orage ou intempéries,terminée,SONABEL,officielle,https://www.facebook.com/sonabelbf/,1.0,faible,38.6,0,5.92
244,2020-03-31,2020-03-31,14:00,2020-03-31,22:00,480,2020,3,Tuesday,après-midi,Centre,Kadiogo,Ouagadougou,Dassasgho,12.384,-1.469,prévue,travaux entretien réseau,terminée,Faso Actu,media,https://faso-actu.info/,0.75,élevé,30.6,0,5.74
245,2022-12-28,2022-12-28,08:00,2022-12-28,09:00,60,2022,12,Wednesday,matin,Centre,Kadiogo,Ouagadougou,Tanghin,12.389,-1.515,imprévue,orage ou intempéries,terminée,Signalement utilisateur,terrain,,0.55,faible,37.8,0,5.53
246,2022-05-11,2022-05-13,18:00,2022-05-13,19:30,90,2022,5,Friday,soir,Centre,Kadiogo,Ouagadougou,Dassasgho,12.384,-1.469,imprévue,déficit de production,terminée,Signalement utilisateur,terrain,,0.55,faible,37.8,2.3,6.72
247,2023-01-29,2023-01-30,18:00,2023-01-30,19:00,60,2023,1,Monday,soir,Centre,Kadiogo,Ouagadougou,Tanghin,12.389,-1.515,prévue,surcharge du réseau,terminée,Lefaso.net,media,https://lefaso.net/,0.8,faible,34.1,0.0,4.68
248,2023-07-19,2023-07-20,18:30,2023-07-20,20:00,90,2023,7,Thursday,soir,Nord,,Ouahigouya,Secteur 2,13.583,-2.421,imprévue,maintenance programmée,terminée,Signalement utilisateur,terrain,,0.55,faible,40.1,0,5.01
249,2025-07-10,2025-07-11,18:00,2025-07-11,19:30,90,2025,7,Friday,soir,Centre-Ouest,,Koudougou,Secteur 5,12.243,-2.365,prévue,incident technique,terminée,Donnée expérimentale,simulation,,0.2,faible,30.3,8.9,5.98
250,2023-06-06,2023-06-08,08:00,2023-06-08,09:30,90,2023,6,Thursday,matin,Hauts-Bassins,,Bobo-Dioulasso,Sarfala,11.177,-4.31,perturbation,travaux entretien réseau,terminée,Signalement utilisateur,terrain,,0.55,faible,36.0,3.8,4.55
251,2020-09-05,2020-09-08,06:00,2020-09-08,12:00,360,2020,9,Tuesday,matin,Centre,Kadiogo,Ouagadougou,Karpala,12.317,-1.493,travaux,déficit de production,terminée,Donnée expérimentale,simulation,,0.2,élevé,33.1,0,4.62
252,2023-08-09,2023-08-09,20:00,2023-08-09,23:00,180,2023,8,Wednesday,soir,Hauts-Bassins,,Bobo-Dioulasso,Bindougousso,11.189,-4.289,perturbation,raccordement nouveaux postes,terminée,SONABEL,officielle,https://www.facebook.com/sonabelbf/,1.0,moyen,32.7,0.7,5.89
253,2025-05-15,2025-05-17,10:30,2025-05-17,14:30,240,2025,5,Saturday,matin,Nord,,Ouahigouya,Secteur 10,13.57,-2.41,perturbation,raccordement nouveaux postes,terminée,Lefaso.net,media,https://lefaso.net/,0.8,moyen,39.1,4.4,5.46
254,2026-03-23,2026-03-25,10:00,2026-03-25,16:00,360,2026,3,Wednesday,matin,Centre,Kadiogo,Ouagadougou,Karpala,12.317,-1.493,perturbation,orage ou intempéries,terminée,SONABEL,officielle,https://www.facebook.com/sonabelbf/,1.0,élevé,31.9,0,6.5
255,2025-01-28,2025-01-30,14:00,2025-01-30,20:00,360,2025,1,Thursday,après-midi,Nord,,Ouahigouya,Secteur 2,13.583,-2.421,prévue,incident technique,terminée,Signalement utilisateur,terrain,,0.55,élevé,33.4,0,5.16
256,2024-02-04,2024-02-06,20:00,2024-02-06,22:00,120,2024,2,Tuesday,soir,Nord,,Ouahigouya,Secteur 2,13.583,-2.421,prévue,orage ou intempéries,terminée,SONABEL,officielle,https://www.facebook.com/sonabelbf/,1.0,moyen,39.2,0.8,4.81
257,2022-04-21,2022-04-21,10:00,2022-04-21,11:30,90,2022,4,Thursday,matin,Est,,Fada N'Gourma,Secteur 1,12.061,0.359,prévue,maintenance programmée,terminée,Signalement utilisateur,terrain,,0.55,faible,39.8,1.9,5.99
258,2024-04-02,2024-04-02,14:00,2024-04-02,22:00,480,2024,4,Tuesday,après-midi,Nord,,Ouahigouya,Secteur 2,13.583,-2.421,prévue,orage ou intempéries,terminée,Lefaso.net,media,https://lefaso.net/,0.8,élevé,32.5,0,5.21
259,2023-10-11,2023-10-13,12:00,2023-10-13,13:30,90,2023,10,Friday,après-midi,Nord,,Ouahigouya,Secteur 2,13.583,-2.421,imprévue,incident technique,terminée,Donnée expérimentale,simulation,,0.2,faible,32.4,3.0,5.31
260,2023-08-11,2023-08-12,10:00,2023-08-12,12:00,120,2023,8,Saturday,matin,Centre,Kadiogo,Ouagadougou,Karpala,12.317,-1.493,perturbation,surcharge du réseau,terminée,SONABEL,officielle,https://www.facebook.com/sonabelbf/,1.0,moyen,40.0,0,6.75
261,2025-05-24,2025-05-26,10:30,2025-05-26,16:30,360,2025,5,Monday,matin,Sud-Ouest,,Gaoua,Secteur 3,10.324,-3.19,prévue,incident technique,terminée,SONABEL,officielle,https://www.facebook.com/sonabelbf/,1.0,élevé,36.0,0,6.24
262,2020-05-02,2020-05-05,10:00,2020-05-05,12:00,120,2020,5,Tuesday,matin,Est,,Fada N'Gourma,Secteur 11,12.056,0.366,imprévue,maintenance programmée,terminée,Signalement utilisateur,terrain,,0.55,moyen,35.3,0,6.45
263,2024-12-29,2025-01-01,06:00,2025-01-01,07:30,90,2025,1,Wednesday,matin,Nord,,Ouahigouya,Secteur 2,13.583,-2.421,prévue,surcharge du réseau,terminée,Faso Actu,media,https://faso-actu.info/,0.75,faible,41.2,0,4.65
264,2020-12-15,2020-12-15,06:00,2020-12-15,07:00,60,2020,12,Tuesday,matin,Centre-Ouest,,Koudougou,Secteur 5,12.243,-2.365,prévue,orage ou intempéries,terminée,SONABEL,officielle,https://www.facebook.com/sonabelbf/,1.0,faible,29.2,0,6.68
265,2020-04-12,2020-04-12,07:00,2020-04-12,10:00,180,2020,4,Sunday,matin,Centre-Ouest,,Koudougou,Secteur 1,12.252,-2.363,prévue,raccordement nouveaux postes,terminée,Wakat Séra,media,https://www.wakatsera.com/?s=SONABEL+coupure,0.8,moyen,41.1,0,5.92
266,2024-05-08,2024-05-09,16:30,2024-05-09,18:00,90,2024,5,Thursday,après-midi,Sud-Ouest,,Gaoua,Centre-ville,10.328,-3.178,travaux,incident technique,terminée,SONABEL,officielle,https://www.facebook.com/sonabelbf/,1.0,faible,38.6,1.9,5.47
267,2023-09-03,2023-09-05,12:00,2023-09-05,16:00,240,2023,9,Tuesday,après-midi,Est,,Fada N'Gourma,Secteur 1,12.061,0.359,imprévue,travaux entretien réseau,terminée,SONABEL,officielle,https://www.facebook.com/sonabelbf/,1.0,moyen,41.2,0,5.46
268,2025-08-15,2025-08-17,06:30,2025-08-17,12:30,360,2025,8,Sunday,matin,Hauts-Bassins,,Bobo-Dioulasso,Sarfala,11.177,-4.31,travaux,déficit de production,terminée,Lefaso.net,media,https://lefaso.net/,0.8,élevé,33.9,0,6.24
269,2025-06-25,2025-06-26,16:00,2025-06-26,17:00,60,2025,6,Thursday,après-midi,Nord,,Ouahigouya,Secteur 2,13.583,-2.421,travaux,travaux entretien réseau,terminée,Lefaso.net,media,https://lefaso.net/,0.8,faible,29.3,2.1,5.56
270,2020-03-21,2020-03-23,14:00,2020-03-23,15:30,90,2020,3,Monday,après-midi,Nord,,Ouahigouya,Secteur 10,13.57,-2.41,prévue,déficit de production,terminée,SONABEL,officielle,https://www.facebook.com/sonabelbf/,1.0,faible,35.5,0,5.56
271,2025-10-20,2025-10-23,14:30,2025-10-23,20:30,360,2025,10,Thursday,après-midi,Centre-Nord,,Kaya,Secteur 6,13.102,-1.095,perturbation,incident technique,terminée,Donnée expérimentale,simulation,,0.2,élevé,36.9,3.5,6.76
272,2024-01-20,2024-01-23,20:00,2024-01-24,00:00,240,2024,1,Tuesday,soir,Hauts-Bassins,,Bobo-Dioulasso,Bindougousso,11.189,-4.289,prévue,déficit de production,terminée,Wakat Séra,media,https://www.wakatsera.com/?s=SONABEL+coupure,0.8,moyen,35.2,0,5.19
273,2023-05-19,2023-05-21,09:00,2023-05-21,13:00,240,2023,5,Sunday,matin,Centre-Nord,,Kaya,Secteur 4,13.091,-1.083,imprévue,maintenance programmée,terminée,Lefaso.net,media,https://lefaso.net/,0.8,moyen,32.3,1.4,4.58
274,2023-09-06,2023-09-06,07:00,2023-09-06,12:00,300,2023,9,Wednesday,matin,Centre,Kadiogo,Ouagadougou,Dassasgho,12.384,-1.469,prévue,déficit de production,terminée,Signalement utilisateur,terrain,,0.55,élevé,37.4,1.2,6.48
275,2025-04-30,2025-04-30,07:00,2025-04-30,10:00,180,2025,4,Wednesday,matin,Centre-Nord,,Kaya,Secteur 6,13.102,-1.095,imprévue,incident technique,terminée,Wakat Séra,media,https://www.wakatsera.com/?s=SONABEL+coupure,0.8,moyen,38.2,0,5.61
276,2024-02-08,2024-02-11,10:00,2024-02-11,14:00,240,2024,2,Sunday,matin,Sud-Ouest,,Gaoua,Centre-ville,10.328,-3.178,prévue,raccordement nouveaux postes,terminée,SONABEL,officielle,https://www.facebook.com/sonabelbf/,1.0,moyen,31.8,0,6.79
277,2020-05-09,2020-05-09,06:00,2020-05-09,09:00,180,2020,5,Saturday,matin,Centre-Ouest,,Koudougou,Secteur 5,12.243,-2.365,prévue,travaux entretien réseau,terminée,Wakat Séra,media,https://www.wakatsera.com/?s=SONABEL+coupure,0.8,moyen,34.5,0.3,5.35
278,2022-03-04,2022-03-05,07:00,2022-03-05,15:00,480,2022,3,Saturday,matin,Sud-Ouest,,Gaoua,Centre-ville,10.328,-3.178,travaux,déficit de production,terminée,Lefaso.net,media,https://lefaso.net/,0.8,élevé,32.8,0,5.93
279,2024-07-14,2024-07-17,07:00,2024-07-17,08:30,90,2024,7,Wednesday,matin,Nord,,Ouahigouya,Secteur 2,13.583,-2.421,prévue,travaux entretien réseau,terminée,Donnée expérimentale,simulation,,0.2,faible,41.4,0,5.71
280,2026-06-07,2026-06-07,06:00,2026-06-07,10:00,240,2026,6,Sunday,matin,Est,,Fada N'Gourma,Secteur 11,12.056,0.366,prévue,surcharge du réseau,terminée,SONABEL,officielle,https://www.facebook.com/sonabelbf/,1.0,moyen,38.4,1.1,5.71
281,2025-12-24,2025-12-26,10:00,2025-12-26,11:00,60,2025,12,Friday,matin,Nord,,Ouahigouya,Secteur 10,13.57,-2.41,prévue,déficit de production,terminée,Wakat Séra,media,https://www.wakatsera.com/?s=SONABEL+coupure,0.8,faible,32.6,0,5.51
282,2021-01-26,2021-01-28,10:30,2021-01-28,14:30,240,2021,1,Thursday,matin,Centre-Ouest,,Koudougou,Secteur 5,12.243,-2.365,perturbation,travaux entretien réseau,terminée,Signalement utilisateur,terrain,,0.55,moyen,34.2,1.3,5.16
283,2025-12-12,2025-12-15,12:30,2025-12-15,18:30,360,2025,12,Monday,après-midi,Sud-Ouest,,Gaoua,Secteur 3,10.324,-3.19,perturbation,surcharge du réseau,terminée,Signalement utilisateur,terrain,,0.55,élevé,29.8,0,6.78
284,2021-04-05,2021-04-08,07:00,2021-04-08,08:00,60,2021,4,Thursday,matin,Centre-Ouest,,Koudougou,Secteur 5,12.243,-2.365,prévue,orage ou intempéries,terminée,Signalement utilisateur,terrain,,0.55,faible,35.7,4.8,6.28
285,2025-08-11,2025-08-13,08:00,2025-08-13,14:00,360,2025,8,Wednesday,matin,Hauts-Bassins,,Bobo-Dioulasso,Bindougousso,11.189,-4.289,prévue,surcharge du réseau,terminée,Donnée expérimentale,simulation,,0.2,élevé,30.8,3.1,6.47
286,2023-01-05,2023-01-05,14:00,2023-01-05,15:00,60,2023,1,Thursday,après-midi,Est,,Fada N'Gourma,Secteur 1,12.061,0.359,imprévue,raccordement nouveaux postes,terminée,Lefaso.net,media,https://lefaso.net/,0.8,faible,32.9,0.2,5.08
287,2023-06-09,2023-06-09,06:00,2023-06-09,07:30,90,2023,6,Friday,matin,Hauts-Bassins,,Bobo-Dioulasso,Sarfala,11.177,-4.31,prévue,incident technique,terminée,SONABEL,officielle,https://www.facebook.com/sonabelbf/,1.0,faible,38.7,0.1,6.32
288,2020-03-18,2020-03-18,12:00,2020-03-18,17:00,300,2020,3,Wednesday,après-midi,Centre-Nord,,Kaya,Secteur 4,13.091,-1.083,imprévue,maintenance programmée,terminée,Signalement utilisateur,terrain,,0.55,élevé,40.9,0.5,5.16
289,2022-11-11,2022-11-13,09:30,2022-11-13,13:30,240,2022,11,Sunday,matin,Sud-Ouest,,Gaoua,Secteur 3,10.324,-3.19,travaux,maintenance programmée,terminée,SONABEL,officielle,https://www.facebook.com/sonabelbf/,1.0,moyen,30.9,4.4,6.51
290,2020-05-30,2020-06-02,20:00,2020-06-02,22:00,120,2020,6,Tuesday,soir,Centre,Kadiogo,Ouagadougou,Gounghin,12.357,-1.543,travaux,incident technique,terminée,Faso Actu,media,https://faso-actu.info/,0.75,moyen,36.0,0,5.98
291,2020-06-03,2020-06-06,07:00,2020-06-06,10:00,180,2020,6,Saturday,matin,Sud-Ouest,,Gaoua,Centre-ville,10.328,-3.178,perturbation,maintenance programmée,terminée,SONABEL,officielle,https://www.facebook.com/sonabelbf/,1.0,moyen,39.4,8.7,6.31
292,2024-05-06,2024-05-08,08:00,2024-05-08,09:00,60,2024,5,Wednesday,matin,Centre,Kadiogo,Ouagadougou,Karpala,12.317,-1.493,prévue,incident technique,terminée,Donnée expérimentale,simulation,,0.2,faible,41.7,1.7,6.16
293,2024-12-17,2024-12-19,08:00,2024-12-19,14:00,360,2024,12,Thursday,matin,Sud-Ouest,,Gaoua,Centre-ville,10.328,-3.178,perturbation,déficit de production,terminée,SONABEL,officielle,https://www.facebook.com/sonabelbf/,1.0,élevé,39.2,0,6.2
294,2020-09-20,2020-09-23,10:00,2020-09-23,13:00,180,2020,9,Wednesday,matin,Centre-Nord,,Kaya,Secteur 6,13.102,-1.095,prévue,maintenance programmée,terminée,SONABEL,officielle,https://www.facebook.com/sonabelbf/,1.0,moyen,41.8,0.3,4.77
295,2026-06-21,2026-06-23,20:00,2026-06-24,04:00,480,2026,6,Tuesday,soir,Est,,Fada N'Gourma,Secteur 1,12.061,0.359,imprévue,surcharge du réseau,terminée,SONABEL,officielle,https://www.facebook.com/sonabelbf/,1.0,élevé,39.3,5.3,5.86
296,2024-09-24,2024-09-26,14:00,2024-09-26,19:00,300,2024,9,Thursday,après-midi,Centre-Nord,,Kaya,Secteur 6,13.102,-1.095,prévue,surcharge du réseau,terminée,Wakat Séra,media,https://www.wakatsera.com/?s=SONABEL+coupure,0.8,élevé,30.0,1.2,5.4
297,2024-06-10,2024-06-10,12:30,2024-06-10,17:30,300,2024,6,Monday,après-midi,Centre-Nord,,Kaya,Secteur 4,13.091,-1.083,prévue,orage ou intempéries,terminée,Wakat Séra,media,https://www.wakatsera.com/?s=SONABEL+coupure,0.8,élevé,39.2,2.9,6.6
298,2020-04-05,2020-04-06,20:00,2020-04-06,21:30,90,2020,4,Monday,soir,Nord,,Ouahigouya,Secteur 10,13.57,-2.41,perturbation,déficit de production,terminée,SONABEL,officielle,https://www.facebook.com/sonabelbf/,1.0,faible,38.4,0,6.55
299,2022-10-09,2022-10-09,07:00,2022-10-09,08:30,90,2022,10,Sunday,matin,Centre-Ouest,,Koudougou,Secteur 5,12.243,-2.365,prévue,raccordement nouveaux postes,terminée,SONABEL,officielle,https://www.facebook.com/sonabelbf/,1.0,faible,39.4,2.3,5.28
300,2020-08-28,2020-08-31,12:00,2020-08-31,20:00,480,2020,8,Monday,après-midi,Sud-Ouest,,Gaoua,Secteur 3,10.324,-3.19,perturbation,orage ou intempéries,terminée,Lefaso.net,media,https://lefaso.net/,0.8,élevé,29.4,0,6.66
301,2020-04-13,2020-04-16,07:00,2020-04-16,15:00,480,2020,4,Thursday,matin,Hauts-Bassins,,Bobo-Dioulasso,Accart-Ville,11.172,-4.297,prévue,maintenance programmée,terminée,Donnée expérimentale,simulation,,0.2,élevé,34.7,1.4,5.6
302,2023-03-02,2023-03-04,20:00,2023-03-04,23:00,180,2023,3,Saturday,soir,Nord,,Ouahigouya,Secteur 10,13.57,-2.41,prévue,maintenance programmée,terminée,Faso Actu,media,https://faso-actu.info/,0.75,moyen,37.3,4.7,4.69
303,2023-01-31,2023-02-01,14:00,2023-02-01,19:00,300,2023,2,Wednesday,après-midi,Hauts-Bassins,,Bobo-Dioulasso,Accart-Ville,11.172,-4.297,prévue,orage ou intempéries,terminée,SONABEL,officielle,https://www.facebook.com/sonabelbf/,1.0,élevé,31.0,4.3,5.8
304,2022-01-03,2022-01-04,06:30,2022-01-04,08:30,120,2022,1,Tuesday,matin,Sud-Ouest,,Gaoua,Secteur 3,10.324,-3.19,prévue,déficit de production,terminée,SONABEL,officielle,https://www.facebook.com/sonabelbf/,1.0,moyen,30.4,0,4.55
305,2020-08-08,2020-08-08,12:00,2020-08-08,20:00,480,2020,8,Saturday,après-midi,Centre-Ouest,,Koudougou,Secteur 1,12.252,-2.363,prévue,orage ou intempéries,terminée,SONABEL,officielle,https://www.facebook.com/sonabelbf/,1.0,élevé,29.3,0,5.3
306,2025-09-18,2025-09-20,16:00,2025-09-20,21:00,300,2025,9,Saturday,après-midi,Centre-Ouest,,Koudougou,Secteur 5,12.243,-2.365,perturbation,surcharge du réseau,terminée,Wakat Séra,media,https://www.wakatsera.com/?s=SONABEL+coupure,0.8,élevé,33.0,3.8,4.84
307,2023-08-24,2023-08-26,14:00,2023-08-26,22:00,480,2023,8,Saturday,après-midi,Centre-Ouest,,Koudougou,Secteur 1,12.252,-2.363,prévue,orage ou intempéries,terminée,Lefaso.net,media,https://lefaso.net/,0.8,élevé,31.4,1.3,5.53
308,2022-08-23,2022-08-23,14:30,2022-08-23,18:30,240,2022,8,Tuesday,après-midi,Centre,Kadiogo,Ouagadougou,Tanghin,12.389,-1.515,prévue,surcharge du réseau,terminée,Wakat Séra,media,https://www.wakatsera.com/?s=SONABEL+coupure,0.8,moyen,36.0,5.6,5.37
309,2025-06-18,2025-06-19,06:30,2025-06-19,08:00,90,2025,6,Thursday,matin,Centre-Ouest,,Koudougou,Secteur 1,12.252,-2.363,prévue,orage ou intempéries,terminée,Faso Actu,media,https://faso-actu.info/,0.75,faible,30.7,4.2,6.3
310,2022-04-05,2022-04-08,16:00,2022-04-08,17:00,60,2022,4,Friday,après-midi,Centre,Kadiogo,Ouagadougou,Rayongo,12.318,-1.451,prévue,travaux entretien réseau,terminée,Lefaso.net,media,https://lefaso.net/,0.8,faible,42.3,0,5.68
311,2020-04-10,2020-04-10,06:00,2020-04-10,11:00,300,2020,4,Friday,matin,Centre,Kadiogo,Ouagadougou,Karpala,12.317,-1.493,perturbation,maintenance programmée,terminée,Faso Actu,media,https://faso-actu.info/,0.75,élevé,31.2,1.7,6.71
312,2026-06-19,2026-06-19,07:00,2026-06-19,13:00,360,2026,6,Friday,matin,Hauts-Bassins,,Bobo-Dioulasso,Accart-Ville,11.172,-4.297,imprévue,raccordement nouveaux postes,terminée,SONABEL,officielle,https://www.facebook.com/sonabelbf/,1.0,élevé,38.5,0,5.08
313,2020-06-19,2020-06-19,10:00,2020-06-19,15:00,300,2020,6,Friday,matin,Hauts-Bassins,,Bobo-Dioulasso,Bindougousso,11.189,-4.289,prévue,maintenance programmée,terminée,SONABEL,officielle,https://www.facebook.com/sonabelbf/,1.0,élevé,37.5,0.5,5.28
314,2025-02-08,2025-02-11,18:00,2025-02-11,19:30,90,2025,2,Tuesday,soir,Centre,Kadiogo,Ouagadougou,Bendogo,12.373,-1.44,prévue,travaux entretien réseau,terminée,Signalement utilisateur,terrain,,0.55,faible,37.8,0,6.57
315,2023-12-11,2023-12-11,16:00,2023-12-11,17:30,90,2023,12,Monday,après-midi,Centre-Ouest,,Koudougou,Secteur 1,12.252,-2.363,prévue,déficit de production,terminée,SONABEL,officielle,https://www.facebook.com/sonabelbf/,1.0,faible,31.9,0,4.84
316,2021-02-01,2021-02-02,16:30,2021-02-03,00:30,480,2021,2,Tuesday,après-midi,Centre-Ouest,,Koudougou,Secteur 1,12.252,-2.363,perturbation,maintenance programmée,terminée,Lefaso.net,media,https://lefaso.net/,0.8,élevé,31.0,0,6.42
317,2024-07-20,2024-07-21,10:00,2024-07-21,12:00,120,2024,7,Sunday,matin,Sud-Ouest,,Gaoua,Centre-ville,10.328,-3.178,prévue,surcharge du réseau,terminée,SONABEL,officielle,https://www.facebook.com/sonabelbf/,1.0,moyen,34.8,3.1,5.88
318,2024-11-29,2024-12-01,08:30,2024-12-01,11:30,180,2024,12,Sunday,matin,Centre-Ouest,,Koudougou,Secteur 1,12.252,-2.363,prévue,maintenance programmée,terminée,Signalement utilisateur,terrain,,0.55,moyen,30.9,0.4,6.47
319,2022-04-15,2022-04-17,12:00,2022-04-17,14:00,120,2022,4,Sunday,après-midi,Centre-Nord,,Kaya,Secteur 6,13.102,-1.095,prévue,surcharge du réseau,terminée,Lefaso.net,media,https://lefaso.net/,0.8,moyen,40.1,0,4.54
320,2026-03-21,2026-03-21,12:00,2026-03-21,17:00,300,2026,3,Saturday,après-midi,Hauts-Bassins,,Bobo-Dioulasso,Sarfala,11.177,-4.31,perturbation,déficit de production,terminée,SONABEL,officielle,https://www.facebook.com/sonabelbf/,1.0,élevé,35.3,0,6.26
321,2025-06-08,2025-06-10,18:00,2025-06-10,22:00,240,2025,6,Tuesday,soir,Centre-Ouest,,Koudougou,Secteur 1,12.252,-2.363,prévue,incident technique,terminée,SONABEL,officielle,https://www.facebook.com/sonabelbf/,1.0,moyen,29.7,0,6.75
322,2025-06-22,2025-06-22,06:00,2025-06-22,12:00,360,2025,6,Sunday,matin,Nord,,Ouahigouya,Secteur 10,13.57,-2.41,perturbation,orage ou intempéries,terminée,Donnée expérimentale,simulation,,0.2,élevé,30.5,1.8,5.07
323,2022-07-03,2022-07-03,09:00,2022-07-03,13:00,240,2022,7,Sunday,matin,Est,,Fada N'Gourma,Secteur 1,12.061,0.359,imprévue,surcharge du réseau,terminée,Faso Actu,media,https://faso-actu.info/,0.75,moyen,35.6,5.8,6.03
324,2023-11-24,2023-11-27,18:30,2023-11-28,00:30,360,2023,11,Monday,soir,Centre-Nord,,Kaya,Secteur 6,13.102,-1.095,prévue,déficit de production,terminée,Signalement utilisateur,terrain,,0.55,élevé,40.5,2.9,6.1
325,2020-09-16,2020-09-18,20:30,2020-09-19,02:30,360,2020,9,Friday,soir,Nord,,Ouahigouya,Secteur 2,13.583,-2.421,travaux,maintenance programmée,terminée,SONABEL,officielle,https://www.facebook.com/sonabelbf/,1.0,élevé,34.0,0,6.35
326,2024-06-03,2024-06-05,10:00,2024-06-05,13:00,180,2024,6,Wednesday,matin,Hauts-Bassins,,Bobo-Dioulasso,Accart-Ville,11.172,-4.297,travaux,déficit de production,terminée,Wakat Séra,media,https://www.wakatsera.com/?s=SONABEL+coupure,0.8,moyen,42.0,2.4,4.99
327,2025-12-12,2025-12-12,20:00,2025-12-12,21:00,60,2025,12,Friday,soir,Sud-Ouest,,Gaoua,Secteur 3,10.324,-3.19,prévue,travaux entretien réseau,terminée,Faso Actu,media,https://faso-actu.info/,0.75,faible,30.3,2.0,6.55
328,2020-05-16,2020-05-18,06:00,2020-05-18,11:00,300,2020,5,Monday,matin,Est,,Fada N'Gourma,Secteur 1,12.061,0.359,imprévue,orage ou intempéries,terminée,Lefaso.net,media,https://lefaso.net/,0.8,élevé,41.2,6.0,5.78
329,2026-02-01,2026-02-03,18:00,2026-02-04,00:00,360,2026,2,Tuesday,soir,Sud-Ouest,,Gaoua,Secteur 3,10.324,-3.19,imprévue,incident technique,terminée,SONABEL,officielle,https://www.facebook.com/sonabelbf/,1.0,élevé,31.7,0,6.23
330,2020-02-01,2020-02-02,07:00,2020-02-02,09:00,120,2020,2,Sunday,matin,Nord,,Ouahigouya,Secteur 2,13.583,-2.421,imprévue,maintenance programmée,terminée,Signalement utilisateur,terrain,,0.55,moyen,37.2,1.4,6.08
331,2024-12-28,2024-12-31,12:00,2024-12-31,13:00,60,2024,12,Tuesday,après-midi,Centre,Kadiogo,Ouagadougou,Bendogo,12.373,-1.44,imprévue,déficit de production,terminée,Signalement utilisateur,terrain,,0.55,faible,33.0,0,4.56
332,2023-04-08,2023-04-10,09:00,2023-04-10,17:00,480,2023,4,Monday,matin,Hauts-Bassins,,Bobo-Dioulasso,Sarfala,11.177,-4.31,perturbation,orage ou intempéries,terminée,SONABEL,officielle,https://www.facebook.com/sonabelbf/,1.0,élevé,31.5,0,4.58
333,2023-02-02,2023-02-05,14:00,2023-02-05,15:30,90,2023,2,Sunday,après-midi,Est,,Fada N'Gourma,Secteur 11,12.056,0.366,perturbation,incident technique,terminée,SONABEL,officielle,https://www.facebook.com/sonabelbf/,1.0,faible,31.5,0,6.8
334,2022-06-17,2022-06-18,10:00,2022-06-18,11:00,60,2022,6,Saturday,matin,Centre-Nord,,Kaya,Secteur 6,13.102,-1.095,perturbation,surcharge du réseau,terminée,Signalement utilisateur,terrain,,0.55,faible,41.4,5.3,5.57
335,2024-03-14,2024-03-14,07:00,2024-03-14,09:00,120,2024,3,Thursday,matin,Centre,Kadiogo,Ouagadougou,Rayongo,12.318,-1.451,prévue,surcharge du réseau,terminée,Signalement utilisateur,terrain,,0.55,moyen,30.0,0,5.47
336,2021-12-22,2021-12-22,12:00,2021-12-22,18:00,360,2021,12,Wednesday,après-midi,Centre-Ouest,,Koudougou,Secteur 5,12.243,-2.365,prévue,déficit de production,terminée,Signalement utilisateur,terrain,,0.55,élevé,39.6,0,5.96
337,2023-02-17,2023-02-17,16:30,2023-02-18,00:30,480,2023,2,Friday,après-midi,Centre,Kadiogo,Ouagadougou,Dassasgho,12.384,-1.469,prévue,incident technique,terminée,Donnée expérimentale,simulation,,0.2,élevé,31.1,1.8,6.31
338,2023-04-22,2023-04-25,20:00,2023-04-25,21:30,90,2023,4,Tuesday,soir,Est,,Fada N'Gourma,Secteur 11,12.056,0.366,perturbation,maintenance programmée,terminée,Lefaso.net,media,https://lefaso.net/,0.8,faible,33.5,3.5,4.55
339,2021-03-06,2021-03-07,20:00,2021-03-08,04:00,480,2021,3,Sunday,soir,Sud-Ouest,,Gaoua,Centre-ville,10.328,-3.178,perturbation,incident technique,terminée,Donnée expérimentale,simulation,,0.2,élevé,35.8,0,6.57
340,2025-01-25,2025-01-25,07:00,2025-01-25,11:00,240,2025,1,Saturday,matin,Centre-Ouest,,Koudougou,Secteur 1,12.252,-2.363,travaux,déficit de production,terminée,SONABEL,officielle,https://www.facebook.com/sonabelbf/,1.0,moyen,33.3,0,5.59
341,2020-09-18,2020-09-18,20:00,2020-09-19,02:00,360,2020,9,Friday,soir,Est,,Fada N'Gourma,Secteur 1,12.061,0.359,travaux,raccordement nouveaux postes,terminée,SONABEL,officielle,https://www.facebook.com/sonabelbf/,1.0,élevé,40.2,0,6.46
342,2025-08-19,2025-08-22,12:00,2025-08-22,16:00,240,2025,8,Friday,après-midi,Hauts-Bassins,,Bobo-Dioulasso,Accart-Ville,11.172,-4.297,imprévue,surcharge du réseau,terminée,Donnée expérimentale,simulation,,0.2,moyen,31.2,3.1,5.03
343,2026-03-03,2026-03-03,08:00,2026-03-03,09:00,60,2026,3,Tuesday,matin,Centre-Ouest,,Koudougou,Secteur 1,12.252,-2.363,imprévue,surcharge du réseau,terminée,Signalement utilisateur,terrain,,0.55,faible,40.7,3.9,6.22
344,2022-10-06,2022-10-07,18:00,2022-10-07,23:00,300,2022,10,Friday,soir,Est,,Fada N'Gourma,Secteur 11,12.056,0.366,prévue,incident technique,terminée,Donnée expérimentale,simulation,,0.2,élevé,41.4,2.5,5.01
345,2026-04-13,2026-04-16,07:30,2026-04-16,12:30,300,2026,4,Thursday,matin,Nord,,Ouahigouya,Secteur 2,13.583,-2.421,perturbation,surcharge du réseau,terminée,Signalement utilisateur,terrain,,0.55,élevé,40.6,0.7,5.05
346,2022-09-21,2022-09-23,14:00,2022-09-23,18:00,240,2022,9,Friday,après-midi,Sud-Ouest,,Gaoua,Centre-ville,10.328,-3.178,imprévue,déficit de production,terminée,Signalement utilisateur,terrain,,0.55,moyen,41.2,1.5,5.35
347,2025-10-07,2025-10-10,12:00,2025-10-10,14:00,120,2025,10,Friday,après-midi,Est,,Fada N'Gourma,Secteur 11,12.056,0.366,perturbation,orage ou intempéries,terminée,Wakat Séra,media,https://www.wakatsera.com/?s=SONABEL+coupure,0.8,moyen,37.5,0,6.59
348,2020-07-20,2020-07-21,09:00,2020-07-21,14:00,300,2020,7,Tuesday,matin,Centre-Nord,,Kaya,Secteur 4,13.091,-1.083,prévue,raccordement nouveaux postes,terminée,Wakat Séra,media,https://www.wakatsera.com/?s=SONABEL+coupure,0.8,élevé,34.5,1.3,6.53
349,2024-12-19,2024-12-21,18:30,2024-12-21,20:30,120,2024,12,Saturday,soir,Hauts-Bassins,,Bobo-Dioulasso,Sarfala,11.177,-4.31,prévue,maintenance programmée,terminée,Lefaso.net,media,https://lefaso.net/,0.8,moyen,33.6,0.9,6.73
350,2020-05-06,2020-05-06,06:00,2020-05-06,09:00,180,2020,5,Wednesday,matin,Centre-Ouest,,Koudougou,Secteur 1,12.252,-2.363,prévue,raccordement nouveaux postes,terminée,Donnée expérimentale,simulation,,0.2,moyen,38.6,0,5.68
351,2020-08-19,2020-08-22,14:00,2020-08-22,22:00,480,2020,8,Saturday,après-midi,Nord,,Ouahigouya,Secteur 2,13.583,-2.421,imprévue,raccordement nouveaux postes,terminée,Signalement utilisateur,terrain,,0.55,élevé,34.4,0.8,6.66
352,2024-12-21,2024-12-21,16:00,2024-12-22,00:00,480,2024,12,Saturday,après-midi,Centre,Kadiogo,Ouagadougou,Tanghin,12.389,-1.515,prévue,incident technique,terminée,SONABEL,officielle,https://www.facebook.com/sonabelbf/,1.0,élevé,40.9,0,6.7
353,2024-12-30,2024-12-30,18:30,2024-12-30,22:30,240,2024,12,Monday,soir,Hauts-Bassins,,Bobo-Dioulasso,Bindougousso,11.189,-4.289,prévue,maintenance programmée,terminée,SONABEL,officielle,https://www.facebook.com/sonabelbf/,1.0,moyen,42.4,0,5.01
354,2022-10-11,2022-10-11,09:30,2022-10-11,11:30,120,2022,10,Tuesday,matin,Sud-Ouest,,Gaoua,Centre-ville,10.328,-3.178,prévue,orage ou intempéries,terminée,Wakat Séra,media,https://www.wakatsera.com/?s=SONABEL+coupure,0.8,moyen,29.5,0,4.63
355,2024-09-17,2024-09-17,07:00,2024-09-17,11:00,240,2024,9,Tuesday,matin,Est,,Fada N'Gourma,Secteur 1,12.061,0.359,travaux,orage ou intempéries,terminée,SONABEL,officielle,https://www.facebook.com/sonabelbf/,1.0,moyen,36.0,5.9,4.92
356,2025-01-05,2025-01-06,10:00,2025-01-06,14:00,240,2025,1,Monday,matin,Sud-Ouest,,Gaoua,Secteur 3,10.324,-3.19,imprévue,travaux entretien réseau,terminée,SONABEL,officielle,https://www.facebook.com/sonabelbf/,1.0,moyen,39.3,0,5.99
357,2024-07-12,2024-07-12,14:00,2024-07-12,18:00,240,2024,7,Friday,après-midi,Sud-Ouest,,Gaoua,Centre-ville,10.328,-3.178,imprévue,incident technique,terminée,Faso Actu,media,https://faso-actu.info/,0.75,moyen,34.5,1.1,4.5
358,2025-03-02,2025-03-05,06:00,2025-03-05,14:00,480,2025,3,Wednesday,matin,Centre-Ouest,,Koudougou,Secteur 5,12.243,-2.365,prévue,surcharge du réseau,terminée,SONABEL,officielle,https://www.facebook.com/sonabelbf/,1.0,élevé,40.0,0,5.93
359,2023-12-14,2023-12-17,14:00,2023-12-17,22:00,480,2023,12,Sunday,après-midi,Centre-Nord,,Kaya,Secteur 6,13.102,-1.095,imprévue,incident technique,terminée,SONABEL,officielle,https://www.facebook.com/sonabelbf/,1.0,élevé,29.1,0,5.28
360,2021-01-03,2021-01-05,07:00,2021-01-05,11:00,240,2021,1,Tuesday,matin,Centre-Nord,,Kaya,Secteur 6,13.102,-1.095,prévue,incident technique,terminée,Wakat Séra,media,https://www.wakatsera.com/?s=SONABEL+coupure,0.8,moyen,34.2,4.5,6.18
